,countryname,aluminum_mine,asbestos_mine,bariumbarite_mine,beryllium_mine,chromium_mine,copper_mine,diamond_mine,gold_mine,iron_mine,lead_mine,manganese_mine,nickel_mine,phosphorusphosphates_mine,platinum_mine,ree_mine,silver_mine,tin_mine,tungsten_mine,Region
0,Burundi,0,0,0,0,0,0,0,0,0,0,0,0,0,0,0,0,0,0,Eastern Africa
1,Burundi,0,0,0,0,0,0,0,0,0,0,0,0,0,0,0,0,0,0,Eastern Africa
2,Burundi,0,0,0,0,0,0,0,0,0,0,0,0,0,0,0,0,0,0,Eastern Africa
3,Burundi,0,0,0,0,0,0,0,0,0,0,0,0,0,0,0,0,0,0,Eastern Africa
4,Burundi,0,0,0,0,0,0,0,0,0,0,0,0,0,0,0,0,0,0,Eastern Africa
5,Burundi,0,0,0,0,0,0,0,0,0,0,0,1,0,0,0,0,0,0,Eastern Africa
6,Burundi,0,0,0,0,0,0,0,0,0,0,0,0,0,0,0,0,0,0,Eastern Africa
7,Burundi,0,0,0,0,0,0,0,0,0,0,0,0,0,0,0,0,0,0,Eastern Africa
8,Burundi,0,0,0,0,0,0,0,0,0,0,0,0,0,0,0,0,0,0,Eastern Africa
9,Burundi,0,0,0,0,0,0,0,0,0,0,0,0,0,0,0,0,0,0,Eastern Africa
10,Burundi,0,0,0,0,0,0,0,0,0,0,0,0,0,0,0,0,0,0,Eastern Africa
11,Burundi,0,0,0,0,0,0,0,0,0,0,0,0,0,0,0,0,0,0,Eastern Africa
12,Burundi,0,0,0,0,0,0,0,0,0,0,0,0,0,0,0,0,0,0,Eastern Africa
13,Burundi,0,0,0,0,0,0,0,0,0,0,0,0,0,0,0,0,0,0,Eastern Africa
14,Burundi,0,0,0,0,0,0,0,0,0,0,0,0,0,0,0,0,0,0,Eastern Africa
15,Burundi,0,0,0,0,0,0,0,0,0,0,0,0,0,0,0,0,0,0,Eastern Africa
16,Burundi,0,0,0,0,0,0,0,0,0,0,0,0,0,0,0,0,0,0,Eastern Africa
17,Burundi,0,0,0,0,0,0,0,0,0,0,0,0,0,0,0,0,0,0,Eastern Africa
18,Burundi,0,0,0,0,0,0,0,0,0,0,0,0,0,0,0,0,0,0,Eastern Africa
19,Burundi,0,0,0,0,0,0,0,0,0,0,0,0,0,0,0,0,0,0,Eastern Africa
20,Burundi,0,0,0,0,0,0,0,0,0,0,0,0,0,0,0,0,0,0,Eastern Africa
21,Burundi,0,0,0,0,0,0,0,0,0,0,0,0,0,0,0,0,0,0,Eastern Africa
22,Burundi,0,0,0,0,0,0,0,0,0,0,0,0,0,0,0,0,0,0,Eastern Africa
23,Burundi,0,0,0,0,0,0,0,0,0,0,0,0,0,0,0,0,0,0,Eastern Africa
24,Burundi,0,0,0,0,0,0,0,0,0,0,0,0,0,0,0,0,0,0,Eastern Africa
25,Burundi,0,0,0,0,0,0,0,0,0,0,0,0,0,0,0,0,0,0,Eastern Africa
26,Burundi,0,0,0,0,0,0,0,0,0,0,0,0,0,0,0,0,0,0,Eastern Africa
27,Burundi,0,0,0,0,0,0,0,0,0,0,0,0,0,0,0,0,0,0,Eastern Africa
28,Burundi,0,0,0,0,0,0,0,0,0,0,0,0,0,0,0,0,0,0,Eastern Africa
29,Burundi,0,0,0,0,0,0,0,0,0,0,0,0,0,0,0,0,0,0,Eastern Africa
30,Burundi,0,0,0,0,0,0,0,0,0,0,0,0,0,0,0,0,0,0,Eastern Africa
31,Burundi,0,0,0,0,0,0,0,0,0,0,0,0,0,0,0,0,0,0,Eastern Africa
32,Burundi,0,0,0,0,0,0,0,0,0,0,0,0,0,0,0,0,0,0,Eastern Africa
33,Burundi,0,0,0,0,0,0,0,0,0,0,0,0,0,0,0,0,0,0,Eastern Africa
34,Burundi,0,0,0,0,0,0,0,0,0,0,0,0,0,0,0,0,0,0,Eastern Africa
35,Burundi,0,0,0,0,0,0,0,0,0,0,0,0,0,0,0,0,0,0,Eastern Africa
36,Burundi,0,0,0,0,0,0,0,0,0,0,0,0,0,0,0,0,0,0,Eastern Africa
37,Burundi,0,0,0,0,0,0,0,0,0,0,0,0,0,0,0,0,0,0,Eastern Africa
38,Burundi,0,0,0,0,0,0,0,0,0,0,0,0,0,0,0,0,0,0,Eastern Africa
39,Burundi,0,0,0,0,0,0,0,0,0,0,0,0,0,0,0,0,0,0,Eastern Africa
40,Burundi,0,0,0,0,0,0,0,0,0,0,0,0,0,0,0,0,0,0,Eastern Africa
41,Burundi,0,0,0,0,0,0,0,0,0,0,0,0,0,0,0,0,0,0,Eastern Africa
42,Burundi,0,0,0,0,1,1,0,0,0,0,0,2,0,0,0,0,0,0,Eastern Africa
43,Burundi,0,0,0,0,0,0,0,0,0,0,0,0,0,0,0,0,0,0,Eastern Africa
44,Burundi,0,0,0,0,0,0,0,0,0,0,0,0,0,0,0,0,0,0,Eastern Africa
45,Burundi,0,0,0,0,0,0,0,0,0,0,0,0,0,0,0,0,0,0,Eastern Africa
46,Burundi,0,0,0,0,0,0,0,0,0,0,0,0,0,0,0,0,0,0,Eastern Africa
47,Burundi,0,0,0,0,0,0,0,0,0,0,0,0,0,0,0,0,0,0,Eastern Africa
48,Burundi,0,0,0,0,0,0,0,0,0,0,0,0,0,0,0,0,0,0,Eastern Africa
49,Burundi,0,0,0,0,0,0,0,0,0,0,0,0,0,0,0,0,0,0,Eastern Africa
50,Burundi,0,0,0,0,0,0,0,0,0,0,0,0,0,0,0,0,0,0,Eastern Africa
51,Burundi,0,0,0,0,0,0,0,0,0,0,0,0,0,0,0,0,0,0,Eastern Africa
52,Burundi,0,0,0,0,0,0,0,0,0,0,0,0,0,0,0,0,0,0,Eastern Africa
53,Burundi,0,0,0,0,0,0,0,0,0,0,0,0,0,0,0,0,0,0,Eastern Africa
54,Burundi,0,0,0,0,0,0,0,0,0,0,0,0,0,0,0,0,0,0,Eastern Africa
55,Burundi,0,0,0,0,0,0,0,0,0,0,0,0,0,0,0,0,0,0,Eastern Africa
56,Burundi,0,0,0,0,0,0,0,0,0,0,0,0,0,0,0,0,0,0,Eastern Africa
57,Burundi,0,0,0,0,0,0,0,0,0,0,0,0,0,0,0,0,0,0,Eastern Africa
58,Burundi,0,0,0,0,0,0,0,0,0,0,0,0,0,0,0,0,0,0,Eastern Africa
59,Burundi,0,0,0,0,0,0,0,0,0,0,0,0,0,0,0,0,0,0,Eastern Africa
60,Burundi,0,0,0,0,0,0,0,0,0,0,0,0,0,0,0,0,0,0,Eastern Africa
61,Burundi,0,0,0,0,0,0,0,0,0,0,0,0,0,0,0,0,0,0,Eastern Africa
62,Burundi,0,0,0,0,0,0,0,0,0,0,0,0,0,0,0,0,0,0,Eastern Africa
63,Burundi,0,0,0,0,0,0,0,0,0,0,0,0,0,0,0,0,0,0,Eastern Africa
64,Burundi,0,0,0,0,0,0,0,0,0,0,0,0,0,0,0,0,0,0,Eastern Africa
65,Burundi,0,0,0,0,0,0,0,0,0,0,0,0,0,0,0,0,0,0,Eastern Africa
66,Burundi,0,0,0,0,0,0,0,0,0,0,0,0,0,0,0,0,0,0,Eastern Africa
67,Burundi,0,0,0,0,0,0,0,0,0,0,0,0,0,0,0,0,0,0,Eastern Africa
68,Burundi,0,0,0,0,0,0,0,0,0,0,0,0,0,0,0,0,0,0,Eastern Africa
69,Burundi,0,0,0,0,0,0,0,0,0,0,0,0,0,0,0,0,0,0,Eastern Africa
70,Burundi,0,0,0,0,0,0,0,0,0,0,0,0,0,0,0,0,0,0,Eastern Africa
71,Burundi,0,0,0,0,0,0,0,0,0,0,0,0,0,0,1,0,0,0,Eastern Africa
72,Burundi,0,0,0,0,0,0,0,0,0,0,0,0,0,0,0,0,0,0,Eastern Africa
73,Burundi,0,0,0,0,0,0,0,0,0,0,0,0,0,0,0,0,0,0,Eastern Africa
74,Burundi,0,0,0,0,0,0,0,0,0,0,0,0,0,0,0,0,0,0,Eastern Africa
75,Burundi,0,0,0,0,0,0,0,0,0,0,0,0,0,0,0,0,0,0,Eastern Africa
76,Burundi,0,0,0,0,0,0,0,0,0,0,0,0,0,0,0,0,0,0,Eastern Africa
77,Burundi,0,0,0,0,0,0,0,0,0,0,0,0,0,0,0,0,0,0,Eastern Africa
78,Burundi,0,0,0,0,0,0,0,0,0,0,0,0,0,0,0,0,0,0,Eastern Africa
79,Burundi,0,0,0,0,0,0,0,0,0,0,0,0,0,0,0,0,0,0,Eastern Africa
80,Burundi,0,0,0,0,0,0,0,0,0,0,0,0,0,0,0,0,0,0,Eastern Africa
81,Burundi,0,0,0,0,0,0,0,0,0,0,0,0,0,0,0,0,0,0,Eastern Africa
82,Burundi,0,0,0,0,0,0,0,0,0,0,0,0,0,0,0,0,0,0,Eastern Africa
83,Burundi,0,0,0,0,0,0,0,0,0,0,0,0,0,0,0,0,0,0,Eastern Africa
84,Burundi,0,0,0,0,0,0,0,0,0,0,0,0,0,0,0,0,0,0,Eastern Africa
85,Burundi,0,0,0,0,0,0,0,0,0,0,0,0,0,0,0,0,0,0,Eastern Africa
86,Burundi,0,0,0,0,0,0,0,0,0,0,0,0,0,0,0,0,0,0,Eastern Africa
87,Burundi,0,0,0,0,0,0,0,0,0,0,0,0,0,0,0,0,0,0,Eastern Africa
88,Burundi,0,0,0,0,0,0,0,0,0,0,0,0,0,0,0,0,0,0,Eastern Africa
89,Burundi,0,0,0,0,0,0,0,0,0,0,0,0,0,0,0,0,0,0,Eastern Africa
90,Burundi,0,0,0,0,0,0,0,0,0,0,0,0,0,0,0,0,0,0,Eastern Africa
91,Burundi,0,0,0,0,0,1,0,0,0,0,0,2,0,0,0,0,0,0,Eastern Africa
92,Burundi,0,0,0,0,0,0,0,0,0,0,0,0,0,0,0,0,0,0,Eastern Africa
93,Burundi,0,0,0,0,0,0,0,0,0,0,0,0,0,0,0,0,0,0,Eastern Africa
94,Burundi,0,0,0,0,0,0,0,0,0,0,0,0,0,0,0,0,0,0,Eastern Africa
95,Burundi,0,0,0,0,0,0,0,0,0,0,0,0,0,0,0,0,0,0,Eastern Africa
96,Burundi,0,0,0,0,0,0,0,0,0,0,0,0,0,0,0,0,0,0,Eastern Africa
97,Burundi,0,0,0,0,0,0,0,0,0,0,0,1,0,0,0,0,0,0,Eastern Africa
98,Burundi,0,0,0,0,0,0,0,0,0,0,0,0,0,0,0,0,0,0,Eastern Africa
99,Burundi,0,0,0,0,0,0,0,0,0,0,0,0,0,0,0,0,0,0,Eastern Africa
100,Burundi,0,0,0,0,0,0,0,0,0,0,0,0,0,0,0,0,0,0,Eastern Africa
101,Burundi,0,0,0,0,0,0,0,0,0,0,0,0,0,0,0,0,0,0,Eastern Africa
102,Burundi,0,0,0,0,0,0,0,0,0,0,0,0,0,0,0,0,0,0,Eastern Africa
103,Burundi,0,0,0,0,0,1,0,0,0,0,0,1,0,1,0,0,0,0,Eastern Africa
104,Burundi,0,0,0,0,0,0,0,0,0,0,0,0,0,0,0,0,0,0,Eastern Africa
105,Burundi,0,0,0,0,0,0,0,0,0,0,0,0,0,0,0,0,0,0,Eastern Africa
106,Burundi,0,0,0,0,0,0,0,0,0,0,0,0,0,0,0,0,0,0,Eastern Africa
107,Burundi,0,0,0,0,0,0,0,0,0,0,0,0,0,0,0,0,0,0,Eastern Africa
108,Burundi,0,0,0,0,0,0,0,0,0,0,0,0,0,0,0,0,0,0,Eastern Africa
109,Burundi,0,0,0,0,0,0,0,0,0,0,0,0,0,0,0,0,0,0,Eastern Africa
110,Burundi,0,0,0,0,0,0,0,0,0,0,0,0,0,0,0,0,0,0,Eastern Africa
111,Burundi,0,0,0,0,0,0,0,0,0,0,0,0,0,0,0,0,0,0,Eastern Africa
112,Burundi,0,0,0,0,0,0,0,0,0,0,0,0,0,0,0,0,0,0,Eastern Africa
113,Burundi,0,0,0,0,0,0,0,0,0,0,0,0,0,0,0,0,0,0,Eastern Africa
114,Burundi,0,0,0,0,0,0,0,0,0,0,0,0,0,0,0,0,0,0,Eastern Africa
115,Burundi,0,0,0,0,0,0,0,0,0,0,0,0,0,0,0,0,0,0,Eastern Africa
116,Burundi,0,0,0,0,0,0,0,0,0,0,0,0,0,0,0,0,0,0,Eastern Africa
117,Burundi,0,0,0,0,0,0,0,0,0,0,0,0,0,0,0,0,0,0,Eastern Africa
118,Burundi,0,0,0,0,0,0,0,0,0,0,0,0,0,0,0,0,0,0,Eastern Africa
119,Burundi,0,0,0,0,0,0,0,0,0,0,0,0,0,0,0,0,0,0,Eastern Africa
120,Burundi,0,0,0,0,0,0,0,0,0,0,0,0,0,0,0,0,0,0,Eastern Africa
121,Burundi,0,0,0,0,0,0,0,0,0,0,0,0,0,0,0,0,0,0,Eastern Africa
122,Burundi,0,0,0,0,0,0,0,0,0,0,0,0,0,0,0,0,0,0,Eastern Africa
123,Burundi,0,0,0,0,0,0,0,0,0,0,0,0,0,0,0,0,0,0,Eastern Africa
124,Burundi,0,0,0,0,0,0,0,0,0,0,0,0,0,0,0,0,0,0,Eastern Africa
125,Burundi,0,0,0,0,0,0,0,0,0,0,0,0,0,0,0,0,0,0,Eastern Africa
126,Burundi,0,0,0,0,0,0,0,0,0,0,0,0,0,0,0,0,0,0,Eastern Africa
127,Burundi,0,0,0,0,0,0,0,0,0,0,0,1,0,0,0,0,0,0,Eastern Africa
128,Burundi,0,0,0,0,0,0,0,0,0,0,0,0,0,0,0,0,0,0,Eastern Africa
129,Burundi,0,0,0,0,0,0,0,0,0,0,0,0,0,0,0,0,0,0,Eastern Africa
130,Burundi,0,0,0,0,0,0,0,0,0,0,0,0,0,0,0,0,0,0,Eastern Africa
131,Burundi,0,0,0,0,0,0,0,0,0,0,0,0,0,0,0,0,0,0,Eastern Africa
132,Burundi,0,0,0,0,0,0,0,0,0,0,0,0,0,0,0,0,0,0,Eastern Africa
133,Djibouti,0,0,0,0,0,0,0,0,0,0,0,0,0,0,0,0,0,0,Eastern Africa
134,Djibouti,0,0,0,0,0,0,0,0,0,0,0,0,0,0,0,0,0,0,Eastern Africa
135,Djibouti,0,0,0,0,0,0,0,0,0,0,0,0,0,0,0,0,0,0,Eastern Africa
136,Djibouti,0,0,0,0,0,0,0,0,0,0,0,0,0,0,0,0,0,0,Eastern Africa
137,Djibouti,0,0,0,0,0,0,0,0,0,0,0,0,0,0,0,0,0,0,Eastern Africa
138,Djibouti,0,0,0,0,0,0,0,0,0,0,0,0,0,0,0,0,0,0,Eastern Africa
139,Djibouti,0,0,0,0,0,0,0,0,0,0,0,0,0,0,0,0,0,0,Eastern Africa
140,Djibouti,0,0,0,0,0,0,0,0,0,0,0,0,0,0,0,0,0,0,Eastern Africa
141,Djibouti,0,0,0,0,0,0,0,0,0,0,0,0,0,0,0,0,0,0,Eastern Africa
142,Djibouti,0,0,0,0,0,0,0,0,0,0,0,0,0,0,0,0,0,0,Eastern Africa
143,Djibouti,0,0,0,0,0,0,0,0,0,0,0,0,0,0,0,0,0,0,Eastern Africa
144,Kenya,0,0,0,0,0,0,0,0,0,0,0,0,0,0,0,0,0,0,Eastern Africa
145,Kenya,0,0,0,0,0,0,0,0,0,0,0,0,0,0,0,0,0,0,Eastern Africa
146,Kenya,0,0,0,0,0,0,0,0,0,0,0,0,0,0,0,0,0,0,Eastern Africa
147,Kenya,0,0,0,0,0,0,0,0,0,0,0,0,0,0,0,0,0,0,Eastern Africa
148,Kenya,0,0,0,0,0,0,0,0,0,0,0,0,0,0,0,0,0,0,Eastern Africa
149,Kenya,0,0,0,0,0,0,0,0,0,0,0,0,0,0,0,0,0,0,Eastern Africa
150,Kenya,0,0,0,0,0,0,0,0,0,0,0,0,0,0,0,0,0,0,Eastern Africa
151,Kenya,0,0,0,0,0,0,0,0,0,0,0,0,0,0,0,0,0,0,Eastern Africa
152,Kenya,0,0,0,0,0,0,0,0,0,0,0,0,0,0,0,0,0,0,Eastern Africa
153,Kenya,0,0,0,0,0,0,0,0,0,0,0,0,0,0,0,0,0,0,Eastern Africa
154,Kenya,0,0,0,0,0,0,0,0,0,1,0,0,0,0,0,1,0,0,Eastern Africa
155,Kenya,0,0,0,0,0,0,0,0,0,0,0,0,0,0,0,0,0,0,Eastern Africa
156,Kenya,0,0,0,0,0,0,0,0,0,0,1,0,0,0,0,0,0,0,Eastern Africa
157,Kenya,0,0,0,0,0,0,0,0,0,0,0,0,0,0,0,0,0,0,Eastern Africa
158,Kenya,0,0,0,0,0,0,0,0,0,0,0,0,0,0,0,0,0,0,Eastern Africa
159,Kenya,0,0,0,0,0,0,0,0,0,0,0,0,0,0,0,0,0,0,Eastern Africa
160,Kenya,0,0,0,0,0,0,0,0,0,0,0,0,0,0,0,0,0,0,Eastern Africa
161,Kenya,0,0,0,0,0,0,0,1,0,0,0,0,0,0,0,0,0,0,Eastern Africa
162,Kenya,0,0,0,0,0,0,0,0,0,0,0,0,0,0,0,0,0,0,Eastern Africa
163,Kenya,0,0,0,0,0,0,0,0,0,0,1,0,0,0,0,0,0,0,Eastern Africa
164,Kenya,0,0,0,0,0,0,0,0,0,0,0,0,0,0,0,0,0,0,Eastern Africa
165,Kenya,0,0,0,0,0,0,0,0,0,0,0,0,0,0,0,0,0,0,Eastern Africa
166,Kenya,0,0,0,0,0,0,0,0,0,0,0,0,0,0,0,0,0,0,Eastern Africa
167,Kenya,0,0,0,0,0,0,0,0,0,0,0,0,0,0,0,0,0,0,Eastern Africa
168,Kenya,0,0,0,0,0,0,0,0,0,0,0,0,0,0,0,0,0,0,Eastern Africa
169,Kenya,0,0,0,0,0,0,0,1,0,0,0,0,0,0,0,0,0,0,Eastern Africa
170,Kenya,0,0,0,0,0,0,0,0,0,0,0,0,0,0,0,0,0,0,Eastern Africa
171,Kenya,0,0,0,0,0,0,0,0,0,0,0,0,0,0,0,0,0,0,Eastern Africa
172,Kenya,0,0,0,0,0,0,0,0,0,0,0,0,0,0,0,0,0,0,Eastern Africa
173,Kenya,0,0,0,0,0,0,0,0,0,0,0,0,0,0,0,0,0,0,Eastern Africa
174,Kenya,0,0,0,0,0,0,0,0,0,1,1,0,0,0,0,0,0,0,Eastern Africa
175,Kenya,0,0,0,0,0,0,0,0,0,0,0,0,0,0,2,0,0,0,Eastern Africa
176,Kenya,0,0,0,0,0,0,0,0,0,0,0,0,0,0,0,0,0,0,Eastern Africa
177,Kenya,0,0,0,0,0,0,0,0,0,0,0,0,0,0,0,0,0,0,Eastern Africa
178,Kenya,0,0,0,0,0,0,0,0,0,0,0,0,0,0,0,0,0,0,Eastern Africa
179,Kenya,0,0,0,0,0,0,0,1,0,0,0,0,0,0,0,0,0,0,Eastern Africa
180,Kenya,0,0,0,0,0,0,0,0,0,0,0,0,0,0,0,0,0,0,Eastern Africa
181,Kenya,0,0,0,0,0,0,0,0,0,0,0,0,0,0,0,0,0,0,Eastern Africa
182,Kenya,0,0,0,0,0,0,0,0,0,0,0,0,0,0,0,0,0,0,Eastern Africa
183,Kenya,0,0,0,0,0,0,0,1,0,0,0,0,0,0,0,0,0,0,Eastern Africa
184,Kenya,0,0,0,0,0,0,0,0,0,0,0,0,0,0,0,0,0,0,Eastern Africa
185,Kenya,0,0,0,0,0,0,0,0,0,0,0,0,0,0,0,0,0,0,Eastern Africa
186,Kenya,0,0,0,0,0,0,0,0,0,0,0,0,0,0,0,0,0,0,Eastern Africa
187,Kenya,0,0,0,0,0,0,0,0,0,0,0,0,0,0,0,0,0,0,Eastern Africa
188,Kenya,0,0,0,0,0,0,0,0,0,0,0,0,0,0,0,0,0,0,Eastern Africa
189,Kenya,0,0,0,0,0,0,0,0,0,0,0,0,0,0,0,0,0,0,Eastern Africa
190,Kenya,0,0,0,0,0,0,0,0,0,0,0,0,0,0,0,0,0,0,Eastern Africa
191,Kenya,0,0,0,0,0,0,0,0,0,0,0,0,0,0,0,0,0,0,Eastern Africa
192,Malawi,0,0,0,0,0,0,0,0,0,0,0,0,0,0,0,0,0,0,Southern Africa
193,Malawi,0,0,0,0,0,0,0,0,0,0,0,0,0,0,0,0,0,0,Southern Africa
194,Malawi,0,0,0,0,0,0,0,0,0,0,0,0,0,0,0,0,0,0,Southern Africa
195,Malawi,0,0,0,0,0,0,0,0,0,0,0,0,0,0,0,0,0,0,Southern Africa
196,Malawi,0,0,0,0,0,0,0,0,0,0,0,0,0,0,0,0,0,0,Southern Africa
197,Malawi,0,0,0,0,0,0,0,0,0,0,0,0,0,0,0,0,0,0,Southern Africa
198,Malawi,0,0,0,0,0,0,0,0,0,0,0,0,0,0,0,0,0,0,Southern Africa
199,Malawi,0,0,0,0,0,0,0,0,0,0,0,0,0,0,0,0,0,0,Southern Africa
200,Malawi,0,0,0,0,0,0,0,0,0,0,0,0,0,0,0,0,0,0,Southern Africa
201,Malawi,0,0,0,0,0,0,0,0,0,0,0,0,0,0,0,0,0,0,Southern Africa
202,Malawi,0,0,0,0,0,0,0,0,0,0,0,0,0,0,0,0,0,0,Southern Africa
203,Malawi,0,0,0,0,0,0,0,0,0,0,0,0,0,0,0,0,0,0,Southern Africa
204,Malawi,0,0,0,0,0,0,0,0,0,0,0,0,0,0,0,0,0,0,Southern Africa
205,Malawi,0,0,0,0,0,0,0,0,0,0,0,0,0,0,0,0,0,0,Southern Africa
206,Malawi,0,0,0,0,0,0,0,0,0,0,0,0,0,0,0,0,0,0,Southern Africa
207,Malawi,0,0,0,0,0,0,0,0,0,0,0,0,0,0,0,0,0,0,Southern Africa
208,Malawi,0,0,0,0,0,0,0,0,0,0,0,0,0,0,0,0,0,0,Southern Africa
209,Malawi,0,0,0,0,0,0,0,0,0,0,0,0,0,0,0,0,0,0,Southern Africa
210,Malawi,0,0,0,0,0,0,0,0,0,0,0,0,0,0,0,0,0,0,Southern Africa
211,Malawi,0,0,0,0,0,0,0,0,0,0,0,0,0,0,0,0,0,0,Southern Africa
212,Malawi,0,0,0,0,0,0,0,0,0,0,0,0,0,0,0,0,0,0,Southern Africa
213,Malawi,0,0,0,0,0,0,0,0,0,0,0,0,0,0,0,0,0,0,Southern Africa
214,Malawi,0,0,0,0,0,0,0,0,0,0,0,0,0,0,0,0,0,0,Southern Africa
215,Malawi,0,0,0,0,0,0,0,0,0,0,0,0,0,0,0,0,0,0,Southern Africa
216,Malawi,0,0,0,0,0,0,0,0,0,0,0,0,0,0,0,0,0,0,Southern Africa
217,Malawi,0,0,0,0,0,0,0,0,0,0,0,0,0,0,0,0,0,0,Southern Africa
218,Malawi,0,0,0,0,0,0,0,0,0,0,0,0,0,0,0,0,0,0,Southern Africa
219,Malawi,0,0,0,0,0,0,0,0,0,0,0,0,0,0,0,0,0,0,Southern Africa
220,Malawi,0,0,0,0,0,0,0,0,0,0,0,0,0,0,0,0,0,0,Southern Africa
221,Malawi,0,0,0,0,0,0,0,0,0,0,0,0,0,0,0,0,0,0,Southern Africa
222,Malawi,1,0,0,0,0,0,0,0,0,0,0,0,0,0,0,0,0,0,Southern Africa
223,Malawi,0,0,0,0,0,0,0,0,0,0,0,0,0,0,0,0,0,0,Southern Africa
224,Malawi,0,0,0,0,0,0,0,0,0,0,0,0,0,0,0,0,0,0,Southern Africa
225,Malawi,0,0,0,0,0,0,0,0,0,0,0,0,0,0,0,0,0,0,Southern Africa
226,Malawi,0,0,0,0,0,0,0,0,0,0,0,0,0,0,0,0,0,0,Southern Africa
227,Malawi,0,0,0,0,0,0,0,0,0,0,0,0,0,0,0,0,0,0,Southern Africa
228,Malawi,0,0,0,0,0,0,0,0,0,0,0,0,0,0,1,0,0,0,Southern Africa
229,Malawi,0,0,0,0,0,0,0,0,0,0,0,0,0,0,0,0,0,0,Southern Africa
230,Malawi,0,0,0,0,0,0,0,0,0,0,0,0,0,0,0,0,0,0,Southern Africa
231,Malawi,0,0,0,0,0,0,0,0,0,0,0,0,0,0,0,0,0,0,Southern Africa
232,Malawi,0,0,0,0,0,0,0,0,0,0,0,0,0,0,0,0,0,0,Southern Africa
233,Malawi,0,0,0,0,0,0,0,0,0,0,0,0,1,0,0,0,0,0,Southern Africa
234,Malawi,0,0,0,0,0,0,0,0,0,0,0,0,0,0,0,0,0,0,Southern Africa
235,Malawi,0,0,0,0,0,0,0,0,0,0,0,0,0,0,0,0,0,0,Southern Africa
236,Malawi,0,0,0,0,0,0,0,0,0,0,0,0,0,0,0,0,0,0,Southern Africa
237,Malawi,0,0,0,0,0,0,0,0,0,0,0,0,0,0,0,0,0,0,Southern Africa
238,Malawi,0,0,0,0,0,0,0,0,0,0,0,0,0,0,0,0,0,0,Southern Africa
239,Malawi,0,0,0,0,0,0,0,0,0,0,0,0,0,0,0,0,0,0,Southern Africa
240,Malawi,0,0,0,0,0,0,0,0,0,0,0,0,0,0,0,0,0,0,Southern Africa
241,Malawi,0,0,0,0,0,0,0,0,0,0,0,0,0,0,0,0,0,0,Southern Africa
242,Malawi,0,0,0,0,0,0,0,0,0,0,0,0,0,0,0,0,0,0,Southern Africa
243,Malawi,0,0,0,0,0,0,0,0,0,0,0,0,0,0,0,0,0,0,Southern Africa
244,Malawi,0,0,0,0,0,0,0,0,0,0,0,0,0,0,0,0,0,0,Southern Africa
245,Malawi,0,0,0,0,0,0,0,0,0,0,0,0,0,0,0,0,0,0,Southern Africa
246,Malawi,0,0,0,0,0,0,0,0,0,0,0,0,0,0,0,0,0,0,Southern Africa
247,Malawi,0,0,0,0,0,0,0,0,0,0,0,0,0,0,0,0,0,0,Southern Africa
248,Malawi,0,0,0,0,0,0,0,0,0,0,0,0,0,0,0,0,0,0,Southern Africa
249,Malawi,0,0,0,0,0,0,0,0,0,0,0,0,0,0,0,0,0,0,Southern Africa
250,Malawi,0,0,0,0,0,0,0,0,0,0,0,0,0,0,0,0,0,0,Southern Africa
251,Malawi,0,0,0,0,0,0,0,0,0,0,0,0,0,0,0,0,0,0,Southern Africa
252,Malawi,0,0,0,0,0,0,0,0,0,0,0,0,0,0,0,0,0,0,Southern Africa
253,Malawi,0,0,0,0,0,0,0,0,0,0,0,0,0,0,0,0,0,0,Southern Africa
254,Malawi,0,0,0,0,0,0,0,0,0,0,0,0,0,0,0,0,0,0,Southern Africa
255,Malawi,0,0,0,0,0,0,0,0,0,0,0,0,0,0,0,0,0,0,Southern Africa
256,Malawi,0,0,0,0,0,0,0,0,0,0,0,0,0,0,0,0,0,0,Southern Africa
257,Malawi,0,0,0,0,0,0,0,0,0,0,0,0,0,0,0,0,0,0,Southern Africa
258,Malawi,0,0,0,0,0,0,0,0,0,0,0,0,0,0,0,0,0,0,Southern Africa
259,Malawi,0,0,0,0,0,0,0,0,0,0,0,0,0,0,0,0,0,0,Southern Africa
260,Malawi,0,0,0,0,0,0,0,0,0,0,0,0,0,0,0,0,0,0,Southern Africa
261,Malawi,0,0,0,0,0,0,0,0,0,0,0,0,0,0,0,0,0,0,Southern Africa
262,Malawi,0,0,0,0,0,0,0,0,0,0,0,0,0,0,0,0,0,0,Southern Africa
263,Malawi,0,0,0,0,0,0,0,0,0,0,0,0,0,0,0,0,0,0,Southern Africa
264,Malawi,0,0,0,0,0,0,0,0,0,0,0,0,0,0,0,0,0,0,Southern Africa
265,Malawi,0,0,0,0,0,0,0,0,0,0,0,0,0,0,0,0,0,0,Southern Africa
266,Malawi,0,0,0,0,0,0,0,0,0,0,0,0,0,0,0,0,0,0,Southern Africa
267,Malawi,0,0,0,0,0,0,0,0,0,0,0,0,0,0,0,0,0,0,Southern Africa
268,Malawi,0,0,0,0,0,0,0,0,0,0,0,0,0,0,0,0,0,0,Southern Africa
269,Malawi,0,0,0,0,0,0,0,0,0,0,0,0,0,0,0,0,0,0,Southern Africa
270,Malawi,0,0,0,0,0,0,0,0,0,0,0,0,0,0,0,0,0,0,Southern Africa
271,Malawi,0,0,0,0,0,0,0,0,0,0,0,0,0,0,0,0,0,0,Southern Africa
272,Malawi,0,0,0,0,0,0,0,0,0,0,0,0,0,0,0,0,0,0,Southern Africa
273,Malawi,0,0,0,0,0,0,0,0,0,0,0,0,0,0,0,0,0,0,Southern Africa
274,Malawi,0,0,0,0,0,0,0,0,0,0,0,0,0,0,0,0,0,0,Southern Africa
275,Malawi,0,0,0,0,0,0,0,0,0,0,0,0,0,0,0,0,0,0,Southern Africa
276,Malawi,0,0,0,0,0,0,0,0,0,0,0,0,0,0,0,0,0,0,Southern Africa
277,Malawi,0,0,0,0,0,0,0,0,0,0,0,0,0,0,0,0,0,0,Southern Africa
278,Malawi,0,0,0,0,0,0,0,0,0,0,0,0,0,0,0,0,0,0,Southern Africa
279,Malawi,0,0,0,0,0,0,0,0,0,0,0,0,0,0,0,0,0,0,Southern Africa
280,Malawi,0,0,0,0,0,0,0,0,0,0,0,0,0,0,0,0,0,0,Southern Africa
281,Malawi,0,0,0,0,0,0,0,0,0,0,0,0,0,0,0,0,0,0,Southern Africa
282,Malawi,0,0,0,0,0,0,0,0,0,0,0,0,0,0,0,0,0,0,Southern Africa
283,Malawi,0,0,0,0,0,0,0,0,0,0,0,0,0,0,0,0,0,0,Southern Africa
284,Malawi,0,0,0,0,0,0,0,0,0,0,0,0,0,0,0,0,0,0,Southern Africa
285,Malawi,0,0,0,0,0,0,0,0,0,0,0,0,0,0,0,0,0,0,Southern Africa
286,Malawi,0,0,0,0,0,0,0,0,0,0,0,0,0,0,0,0,0,0,Southern Africa
287,Malawi,0,0,0,0,0,0,0,0,0,0,0,0,0,0,0,0,0,0,Southern Africa
288,Malawi,0,0,0,0,0,0,0,0,0,0,0,0,0,0,0,0,0,0,Southern Africa
289,Malawi,0,0,0,0,0,0,0,0,0,0,0,0,0,0,0,0,0,0,Southern Africa
290,Malawi,0,0,0,0,0,0,0,0,0,0,0,0,0,0,0,0,0,0,Southern Africa
291,Malawi,0,0,0,0,0,0,0,0,0,0,0,0,0,0,0,0,0,0,Southern Africa
292,Malawi,0,0,0,0,0,0,0,0,0,0,0,0,0,0,0,0,0,0,Southern Africa
293,Malawi,0,0,0,0,0,0,0,0,0,0,0,0,0,0,0,0,0,0,Southern Africa
294,Malawi,0,0,0,0,0,0,0,0,0,0,0,0,0,0,0,0,0,0,Southern Africa
295,Malawi,0,0,0,0,0,0,0,0,0,0,0,0,0,0,0,0,0,0,Southern Africa
296,Malawi,0,0,0,0,0,0,0,0,0,0,0,0,0,0,0,0,0,0,Southern Africa
297,Malawi,0,0,0,0,0,0,0,0,0,0,0,0,0,0,0,0,0,0,Southern Africa
298,Malawi,0,0,0,0,0,0,0,0,0,0,0,0,0,0,0,0,0,0,Southern Africa
299,Malawi,0,0,0,0,0,0,0,0,0,0,0,0,0,0,0,0,0,0,Southern Africa
300,Malawi,0,0,0,0,0,0,0,0,0,0,0,0,0,0,0,0,0,0,Southern Africa
301,Malawi,0,0,0,0,0,0,0,0,0,0,0,0,0,0,0,0,0,0,Southern Africa
302,Malawi,0,0,0,0,0,0,0,0,0,0,0,0,0,0,0,0,0,0,Southern Africa
303,Malawi,0,0,0,0,0,0,0,0,0,0,0,0,0,0,0,0,0,0,Southern Africa
304,Malawi,0,0,0,0,0,0,0,0,0,0,0,0,0,0,0,0,0,0,Southern Africa
305,Malawi,0,0,0,0,0,0,0,0,0,0,0,0,0,0,0,0,0,0,Southern Africa
306,Malawi,0,0,0,0,0,0,0,0,0,0,0,0,0,0,0,0,0,0,Southern Africa
307,Malawi,0,0,0,0,0,0,0,0,0,0,0,0,0,0,0,0,0,0,Southern Africa
308,Malawi,0,0,0,0,0,0,0,0,0,0,0,0,0,0,0,0,0,0,Southern Africa
309,Malawi,0,0,0,0,0,0,0,0,0,0,0,0,0,0,0,0,0,0,Southern Africa
310,Malawi,0,0,0,0,0,0,0,0,0,0,0,0,0,0,0,0,0,0,Southern Africa
311,Malawi,0,0,0,0,0,0,0,0,0,0,0,0,0,0,0,0,0,0,Southern Africa
312,Malawi,0,0,0,0,0,0,0,0,0,0,0,0,0,0,0,0,0,0,Southern Africa
313,Malawi,0,0,0,0,0,0,0,0,0,0,0,0,0,0,0,0,0,0,Southern Africa
314,Malawi,0,0,0,0,0,0,0,0,0,0,0,0,0,0,0,0,0,0,Southern Africa
315,Malawi,0,0,0,0,0,0,0,0,0,0,0,0,0,0,0,0,0,0,Southern Africa
316,Malawi,0,0,0,0,0,0,0,0,0,0,0,0,0,0,0,0,0,0,Southern Africa
317,Malawi,0,0,0,0,0,0,0,0,0,0,0,0,0,0,0,0,0,0,Southern Africa
318,Malawi,0,0,0,0,0,0,0,0,0,0,0,0,0,0,0,0,0,0,Southern Africa
319,Malawi,0,0,0,0,0,0,0,0,0,0,0,0,0,0,0,0,0,0,Southern Africa
320,Malawi,0,0,0,0,0,0,0,0,0,0,0,0,0,0,0,0,0,0,Southern Africa
321,Malawi,0,0,0,0,0,0,0,0,0,0,0,0,0,0,0,0,0,0,Southern Africa
322,Malawi,0,0,0,0,0,0,0,0,0,0,0,0,0,0,0,0,0,0,Southern Africa
323,Malawi,0,0,0,0,0,0,0,0,0,0,0,0,0,0,0,0,0,0,Southern Africa
324,Malawi,0,0,0,0,0,0,0,0,0,0,0,0,0,0,0,0,0,0,Southern Africa
325,Malawi,0,0,0,0,0,0,0,0,0,0,0,0,0,0,0,0,0,0,Southern Africa
326,Malawi,0,0,0,0,0,0,0,0,0,0,0,0,0,0,0,0,0,0,Southern Africa
327,Malawi,0,0,0,0,0,0,0,0,0,0,0,0,0,0,0,0,0,0,Southern Africa
328,Malawi,0,0,0,0,0,0,0,0,0,0,0,0,0,0,0,0,0,0,Southern Africa
329,Malawi,0,0,0,0,0,0,0,0,0,0,0,0,0,0,0,0,0,0,Southern Africa
330,Malawi,0,0,0,0,0,0,0,0,0,0,0,0,0,0,0,0,0,0,Southern Africa
331,Malawi,0,0,0,0,0,0,0,0,0,0,0,0,0,0,0,0,0,0,Southern Africa
332,Malawi,0,0,0,0,0,0,0,0,0,0,0,0,0,0,0,0,0,0,Southern Africa
333,Malawi,0,0,0,0,0,0,0,0,0,0,0,0,0,0,0,0,0,0,Southern Africa
334,Malawi,0,0,0,0,0,0,0,0,0,0,0,0,0,0,0,0,0,0,Southern Africa
335,Malawi,0,0,0,0,0,0,0,0,0,0,0,0,0,0,0,0,0,0,Southern Africa
336,Malawi,0,0,0,0,0,0,0,0,0,0,0,0,0,0,0,0,0,0,Southern Africa
337,Malawi,0,0,0,0,0,0,0,0,0,0,0,0,0,0,0,0,0,0,Southern Africa
338,Malawi,0,0,0,0,0,0,0,0,0,0,0,0,0,0,0,0,0,0,Southern Africa
339,Malawi,0,0,0,0,0,0,0,0,0,0,0,0,0,0,0,0,0,0,Southern Africa
340,Malawi,0,0,0,0,0,0,0,0,0,0,0,0,0,0,0,0,0,0,Southern Africa
341,Malawi,0,0,0,0,0,0,0,0,0,0,0,0,0,0,0,0,0,0,Southern Africa
342,Malawi,0,0,0,0,0,0,0,0,0,0,0,0,0,0,0,0,0,0,Southern Africa
343,Malawi,0,0,0,0,0,0,0,0,0,0,0,0,0,0,0,0,0,0,Southern Africa
344,Malawi,0,0,0,0,0,0,0,0,0,0,0,0,0,0,0,0,0,0,Southern Africa
345,Malawi,0,0,0,0,0,0,0,0,0,0,0,0,0,0,0,0,0,0,Southern Africa
346,Malawi,0,0,0,0,0,0,0,0,0,0,0,0,0,0,0,0,0,0,Southern Africa
347,Malawi,0,0,0,0,0,0,0,0,0,0,0,0,0,0,0,0,0,0,Southern Africa
348,Malawi,0,0,0,0,0,0,0,0,0,0,0,0,0,0,0,0,0,0,Southern Africa
349,Malawi,0,0,0,0,0,0,0,0,0,0,0,0,0,0,0,0,0,0,Southern Africa
350,Malawi,0,0,0,0,0,0,0,0,0,0,0,0,0,0,0,0,0,0,Southern Africa
351,Malawi,0,0,0,0,0,0,0,0,0,0,0,0,0,0,0,0,0,0,Southern Africa
352,Malawi,0,0,0,0,0,0,0,0,0,0,0,0,0,0,0,0,0,0,Southern Africa
353,Malawi,0,0,0,0,0,0,0,0,0,0,0,0,0,0,0,0,0,0,Southern Africa
354,Malawi,0,0,0,0,0,0,0,0,0,0,0,0,0,0,0,0,0,0,Southern Africa
355,Malawi,0,0,0,0,0,0,0,0,0,0,0,0,0,0,0,0,0,0,Southern Africa
356,Malawi,0,0,0,0,0,0,0,0,0,0,0,0,0,0,0,0,0,0,Southern Africa
357,Malawi,0,0,0,0,0,0,0,0,0,0,0,0,0,0,0,0,0,0,Southern Africa
358,Malawi,0,0,0,0,0,0,0,0,0,0,0,0,0,0,0,0,0,0,Southern Africa
359,Malawi,0,0,0,0,0,0,0,0,0,0,0,0,0,0,0,0,0,0,Southern Africa
360,Malawi,0,0,0,0,0,0,0,0,0,0,0,0,0,0,0,0,0,0,Southern Africa
361,Malawi,0,0,0,0,0,0,0,0,0,0,0,0,0,0,0,0,0,0,Southern Africa
362,Malawi,0,0,0,0,0,0,0,0,0,0,0,0,0,0,0,0,0,0,Southern Africa
363,Malawi,0,0,0,0,0,0,0,0,0,0,0,0,0,0,0,0,0,0,Southern Africa
364,Malawi,0,0,0,0,0,0,0,0,0,0,0,0,0,0,0,0,0,0,Southern Africa
365,Malawi,0,0,0,0,0,0,0,0,0,0,0,0,0,0,0,0,0,0,Southern Africa
366,Malawi,0,0,0,0,0,0,0,0,0,0,0,0,0,0,0,0,0,0,Southern Africa
367,Malawi,0,0,0,0,0,0,0,0,0,0,0,0,0,0,0,0,0,0,Southern Africa
368,Malawi,1,0,0,0,0,0,0,0,0,0,0,0,0,0,0,0,0,0,Southern Africa
369,Malawi,0,0,0,0,0,0,0,0,0,0,0,0,0,0,0,0,0,0,Southern Africa
370,Malawi,0,0,0,0,0,0,0,0,0,0,0,0,0,0,0,0,0,0,Southern Africa
371,Malawi,0,0,0,0,0,0,0,0,0,0,0,0,0,0,0,0,0,0,Southern Africa
372,Malawi,0,0,0,0,0,0,0,0,0,0,0,0,0,0,0,0,0,0,Southern Africa
373,Malawi,0,0,0,0,0,0,0,0,0,0,0,0,0,0,0,0,0,0,Southern Africa
374,Malawi,0,0,0,0,0,0,0,0,0,0,0,0,0,0,0,0,0,0,Southern Africa
375,Malawi,0,0,0,0,0,0,0,0,0,0,0,0,0,0,0,0,0,0,Southern Africa
376,Malawi,0,0,0,0,0,0,0,0,0,0,0,0,0,0,0,0,0,0,Southern Africa
377,Malawi,0,0,0,0,0,0,0,0,0,0,0,0,0,0,0,0,0,0,Southern Africa
378,Malawi,0,0,0,0,0,0,0,0,0,0,0,0,0,0,0,0,0,0,Southern Africa
379,Malawi,0,0,0,0,0,0,0,0,0,0,0,0,0,0,0,0,0,0,Southern Africa
380,Malawi,0,0,0,0,0,0,0,0,0,0,0,0,0,0,0,0,0,0,Southern Africa
381,Malawi,0,0,0,0,0,0,0,0,0,0,0,0,0,0,0,0,0,0,Southern Africa
382,Malawi,0,0,0,0,0,0,0,0,0,0,0,0,0,0,0,0,0,0,Southern Africa
383,Malawi,0,0,0,0,0,0,0,0,0,0,0,0,0,0,0,0,0,0,Southern Africa
384,Malawi,0,0,0,0,0,0,0,0,0,0,0,0,0,0,0,0,0,0,Southern Africa
385,Malawi,0,0,0,0,0,0,0,0,0,0,0,0,0,0,0,0,0,0,Southern Africa
386,Malawi,0,0,0,0,0,0,0,0,0,0,0,0,0,0,0,0,0,0,Southern Africa
387,Malawi,0,0,0,0,0,0,0,0,0,0,0,0,0,0,0,0,0,0,Southern Africa
388,Malawi,0,0,0,0,0,0,0,0,0,0,0,0,0,0,0,0,0,0,Southern Africa
389,Malawi,0,0,0,0,0,0,0,0,0,0,0,0,0,0,0,0,0,0,Southern Africa
390,Malawi,0,0,0,0,0,0,0,0,0,0,0,0,0,0,0,0,0,0,Southern Africa
391,Malawi,0,0,0,0,0,0,0,0,0,0,0,0,0,0,0,0,0,0,Southern Africa
392,Malawi,0,0,0,0,0,0,0,0,0,0,0,0,0,0,0,0,0,0,Southern Africa
393,Malawi,0,0,0,0,0,0,0,0,0,0,0,0,0,0,0,0,0,0,Southern Africa
394,Malawi,0,0,0,0,0,0,0,0,0,0,0,0,0,0,0,0,0,0,Southern Africa
395,Malawi,0,0,0,0,0,0,0,0,0,0,0,0,0,0,0,0,0,0,Southern Africa
396,Malawi,0,0,0,0,0,0,0,0,0,0,0,0,0,0,0,0,0,0,Southern Africa
397,Malawi,0,0,0,0,0,0,0,0,0,0,0,0,0,0,0,0,0,0,Southern Africa
398,Malawi,0,0,0,0,0,0,0,0,0,0,0,0,0,0,0,0,0,0,Southern Africa
399,Malawi,0,0,0,0,0,0,0,0,0,0,0,0,0,0,0,0,0,0,Southern Africa
400,Malawi,0,0,0,0,0,0,0,0,0,0,0,0,0,0,0,0,0,0,Southern Africa
401,Malawi,0,0,0,0,0,0,0,0,0,0,0,0,0,0,0,0,0,0,Southern Africa
402,Malawi,0,0,0,0,0,0,0,0,0,0,0,0,0,0,0,0,0,0,Southern Africa
403,Malawi,0,0,0,0,0,0,0,0,0,0,0,0,0,0,0,0,0,0,Southern Africa
404,Malawi,0,0,0,0,0,0,0,0,0,0,0,0,0,0,0,0,0,0,Southern Africa
405,Malawi,0,0,0,0,0,0,0,0,0,0,0,0,0,0,0,0,0,0,Southern Africa
406,Malawi,0,0,0,0,0,0,0,0,0,0,0,0,0,0,0,0,0,0,Southern Africa
407,Malawi,0,0,0,0,0,0,0,0,0,0,0,0,0,0,0,0,0,0,Southern Africa
408,Malawi,0,0,0,0,0,0,0,0,0,0,0,0,0,0,0,0,0,0,Southern Africa
409,Malawi,0,0,0,0,0,0,0,0,0,0,0,0,0,0,0,0,0,0,Southern Africa
410,Malawi,0,0,0,0,0,0,0,0,0,0,0,0,0,0,0,0,0,0,Southern Africa
411,Malawi,0,0,0,0,0,0,0,0,0,0,0,0,0,0,0,0,0,0,Southern Africa
412,Malawi,0,0,0,0,0,0,0,0,0,0,0,0,0,0,0,0,0,0,Southern Africa
413,Malawi,0,0,0,0,0,0,0,0,0,0,0,0,0,0,0,0,0,0,Southern Africa
414,Malawi,0,0,0,0,0,0,0,0,0,0,0,0,0,0,0,0,0,0,Southern Africa
415,Malawi,0,0,0,0,0,0,0,0,0,0,0,0,0,0,0,0,0,0,Southern Africa
416,Malawi,0,0,0,0,0,0,0,0,0,0,0,0,0,0,0,0,0,0,Southern Africa
417,Malawi,1,0,0,0,0,0,0,0,0,0,0,0,0,0,0,0,0,0,Southern Africa
418,Malawi,0,0,0,0,0,0,0,0,0,0,0,0,0,0,0,0,0,0,Southern Africa
419,Malawi,0,0,0,0,0,0,0,0,0,0,0,0,0,0,0,0,0,0,Southern Africa
420,Malawi,0,0,0,0,0,0,0,0,0,0,0,0,0,0,0,0,0,0,Southern Africa
421,Malawi,0,0,0,0,0,0,0,0,0,0,0,0,0,0,0,0,0,0,Southern Africa
422,Malawi,0,0,0,0,0,0,0,0,0,0,0,0,0,0,0,0,0,0,Southern Africa
423,Malawi,0,0,0,0,0,0,0,0,0,0,0,0,0,0,0,0,0,0,Southern Africa
424,Malawi,0,0,0,0,0,0,0,0,0,0,0,0,0,0,0,0,0,0,Southern Africa
425,Malawi,0,0,0,0,0,0,0,0,0,0,0,0,0,0,0,0,0,0,Southern Africa
426,Malawi,0,0,0,0,0,0,0,0,0,0,0,0,0,0,0,0,0,0,Southern Africa
427,Malawi,0,0,0,0,0,0,0,0,0,0,0,0,0,0,0,0,0,0,Southern Africa
428,Malawi,0,0,0,0,0,0,0,0,0,0,0,0,0,0,0,0,0,0,Southern Africa
429,Malawi,0,0,0,0,0,0,0,0,0,0,0,0,0,0,0,0,0,0,Southern Africa
430,Malawi,0,0,0,0,0,0,0,0,0,0,0,0,0,0,0,0,0,0,Southern Africa
431,Malawi,0,0,0,0,0,0,0,0,0,0,0,0,0,0,0,0,0,0,Southern Africa
432,Malawi,0,0,0,0,0,0,0,0,0,0,0,0,0,0,0,0,0,0,Southern Africa
433,Malawi,0,0,0,0,0,0,0,0,0,0,0,0,0,0,0,0,0,0,Southern Africa
434,Malawi,0,0,0,0,0,0,0,0,0,0,0,0,0,0,0,0,0,0,Southern Africa
435,Malawi,0,0,0,0,0,0,0,0,0,0,0,0,0,0,0,0,0,0,Southern Africa
436,Malawi,0,0,0,0,0,0,0,0,0,0,0,0,0,0,0,0,0,0,Southern Africa
437,Malawi,0,0,0,0,0,0,0,0,0,0,0,0,0,0,0,0,0,0,Southern Africa
438,Malawi,0,0,0,0,0,0,0,0,0,0,0,0,0,0,0,0,0,0,Southern Africa
439,Malawi,0,0,0,0,0,0,0,0,0,0,0,0,0,0,0,0,0,0,Southern Africa
440,Malawi,0,0,0,0,0,0,0,0,0,0,0,0,0,0,0,0,0,0,Southern Africa
441,Malawi,0,0,0,0,0,0,0,0,0,0,0,0,0,0,0,0,0,0,Southern Africa
442,Malawi,0,0,0,0,0,0,0,0,0,0,0,0,0,0,0,0,0,0,Southern Africa
443,Malawi,0,0,0,0,0,0,0,0,0,0,0,0,0,0,0,0,0,0,Southern Africa
444,Malawi,0,0,0,0,0,0,0,0,0,0,0,0,0,0,0,0,0,0,Southern Africa
445,Rwanda,0,0,0,0,0,0,0,0,0,0,0,0,0,0,0,0,0,0,Eastern Africa
446,Rwanda,0,0,0,0,0,0,0,0,0,0,0,0,0,0,0,0,0,0,Eastern Africa
447,Rwanda,0,0,0,0,0,0,0,0,0,0,0,0,0,0,0,0,0,0,Eastern Africa
448,Rwanda,0,0,0,0,0,0,0,0,0,0,0,0,0,0,0,0,0,0,Eastern Africa
449,Rwanda,0,0,0,0,0,0,0,0,0,0,0,0,0,0,0,0,0,0,Eastern Africa
450,Rwanda,0,0,0,0,0,0,0,0,0,0,0,0,0,0,0,0,0,0,Eastern Africa
451,Rwanda,0,0,0,0,0,0,0,0,0,0,0,0,0,0,0,0,0,0,Eastern Africa
452,Rwanda,0,0,0,0,0,0,0,0,0,0,0,0,0,0,0,0,0,0,Eastern Africa
453,Rwanda,0,0,0,0,0,0,0,0,0,0,0,0,0,0,0,0,0,0,Eastern Africa
454,Rwanda,0,0,0,0,0,0,0,0,0,0,0,0,0,0,0,0,0,0,Eastern Africa
455,Rwanda,0,0,0,0,0,0,0,0,0,0,0,0,0,0,0,0,0,0,Eastern Africa
456,Rwanda,0,0,0,0,0,0,0,0,0,0,0,0,0,0,0,0,0,0,Eastern Africa
457,Rwanda,0,0,0,0,0,0,0,0,0,0,0,0,0,0,0,0,0,0,Eastern Africa
458,Rwanda,0,0,0,0,0,0,0,0,0,0,0,0,0,0,0,0,0,0,Eastern Africa
459,Rwanda,0,0,0,0,0,0,0,0,0,0,0,0,0,0,0,0,0,0,Eastern Africa
460,Rwanda,0,0,0,0,0,0,0,0,0,0,0,0,0,0,0,0,0,0,Eastern Africa
461,Rwanda,0,0,0,0,0,0,0,0,0,0,0,0,0,0,0,0,0,0,Eastern Africa
462,Rwanda,0,0,0,0,0,0,0,0,0,0,0,0,0,0,0,0,0,0,Eastern Africa
463,Rwanda,0,0,0,0,0,0,0,0,0,0,0,0,0,0,0,0,0,0,Eastern Africa
464,Rwanda,0,0,0,0,0,0,0,0,0,0,0,0,0,0,0,0,0,0,Eastern Africa
465,Rwanda,0,0,0,0,0,0,0,0,0,0,0,0,0,0,0,0,0,0,Eastern Africa
466,Rwanda,0,0,0,0,0,0,0,0,0,0,0,0,0,0,0,0,0,0,Eastern Africa
467,Rwanda,0,0,0,0,0,0,0,0,0,0,0,0,0,0,0,0,0,0,Eastern Africa
468,Rwanda,0,0,0,0,0,0,0,0,0,0,0,0,0,0,0,0,0,0,Eastern Africa
469,Rwanda,0,0,0,0,0,0,0,0,0,0,0,0,0,0,0,0,0,0,Eastern Africa
470,Rwanda,0,0,0,0,0,0,0,0,0,0,0,0,0,0,0,0,0,0,Eastern Africa
471,Rwanda,0,0,0,0,0,0,0,0,0,0,0,0,0,0,0,0,0,0,Eastern Africa
472,Rwanda,0,0,0,0,0,0,0,0,0,0,0,0,0,0,0,0,0,0,Eastern Africa
473,Rwanda,0,0,0,0,0,0,0,0,0,0,0,0,0,0,0,0,0,0,Eastern Africa
474,Rwanda,0,0,0,0,0,0,0,0,0,0,0,0,0,0,0,0,0,0,Eastern Africa
475,Rwanda,0,0,0,0,0,0,0,0,0,0,0,0,0,0,0,0,0,0,Eastern Africa
476,Rwanda,0,0,0,0,0,0,0,0,0,0,0,0,0,0,0,0,0,0,Eastern Africa
477,Rwanda,0,0,0,0,0,0,0,0,0,0,0,0,0,0,0,0,0,0,Eastern Africa
478,Rwanda,0,0,0,0,0,0,0,0,0,0,0,0,0,0,0,0,0,0,Eastern Africa
479,Rwanda,0,0,0,0,0,0,0,0,0,0,0,0,0,0,0,0,0,0,Eastern Africa
480,Rwanda,0,0,0,0,0,0,0,0,0,0,0,0,0,0,0,0,0,0,Eastern Africa
481,Rwanda,0,0,0,0,0,0,0,0,0,0,0,0,0,0,0,0,0,0,Eastern Africa
482,Rwanda,0,0,0,0,0,0,0,0,0,0,0,0,0,0,0,0,0,0,Eastern Africa
483,Rwanda,0,0,0,0,0,0,0,0,0,0,0,0,0,0,0,0,0,0,Eastern Africa
484,Rwanda,0,0,0,0,0,0,0,0,0,0,0,0,0,0,0,0,0,0,Eastern Africa
485,Rwanda,0,0,0,0,0,0,0,0,0,0,0,0,0,0,0,0,0,0,Eastern Africa
486,Rwanda,0,0,0,0,0,0,0,0,0,0,0,0,0,0,0,0,0,0,Eastern Africa
487,Rwanda,0,0,0,0,0,0,0,0,0,0,0,0,0,0,0,0,0,0,Eastern Africa
488,Rwanda,0,0,0,0,0,0,0,0,0,0,0,0,0,0,0,0,0,0,Eastern Africa
489,Rwanda,0,0,0,0,0,0,0,0,0,0,0,0,0,0,0,0,0,0,Eastern Africa
490,Rwanda,0,0,0,0,0,0,0,0,0,0,0,0,0,0,0,0,0,0,Eastern Africa
491,Rwanda,0,0,0,0,0,0,0,0,0,0,0,0,0,0,0,0,0,0,Eastern Africa
492,Rwanda,0,0,0,0,0,0,0,0,0,0,0,0,0,0,0,0,0,0,Eastern Africa
493,Rwanda,0,0,0,0,0,0,0,0,0,0,0,0,0,0,0,0,0,0,Eastern Africa
494,Rwanda,0,0,0,0,0,0,0,0,0,0,0,0,0,0,0,0,0,0,Eastern Africa
495,Rwanda,0,0,0,0,0,0,0,0,0,0,0,0,0,0,0,0,0,0,Eastern Africa
496,Rwanda,0,0,0,0,0,0,0,0,0,0,0,0,0,0,0,0,0,0,Eastern Africa
497,Rwanda,0,0,0,0,0,0,0,0,0,0,0,0,0,0,0,0,0,0,Eastern Africa
498,Rwanda,0,0,0,0,0,0,0,0,0,0,0,0,0,0,0,0,0,0,Eastern Africa
499,Rwanda,0,0,0,0,0,0,0,0,0,0,0,0,0,0,0,0,0,0,Eastern Africa
500,Rwanda,0,0,0,0,0,0,0,0,0,0,0,0,0,0,0,0,0,0,Eastern Africa
501,Rwanda,0,0,0,0,0,0,0,0,0,0,0,0,0,0,0,0,0,0,Eastern Africa
502,Rwanda,0,0,0,0,0,0,0,0,0,0,0,0,0,0,0,0,0,0,Eastern Africa
503,Rwanda,0,0,0,0,0,0,0,0,0,0,0,0,0,0,0,0,0,0,Eastern Africa
504,Rwanda,0,0,0,0,0,0,0,0,0,0,0,0,0,0,0,0,0,0,Eastern Africa
505,Rwanda,0,0,0,0,0,0,0,0,0,0,0,0,0,0,0,0,0,0,Eastern Africa
506,Rwanda,0,0,0,0,0,0,0,0,0,0,0,0,0,0,0,0,0,0,Eastern Africa
507,Rwanda,0,0,0,0,0,0,0,0,0,0,0,0,0,0,0,0,0,0,Eastern Africa
508,Rwanda,0,0,0,0,0,0,0,0,0,0,0,0,0,0,0,0,0,0,Eastern Africa
509,Rwanda,0,0,0,0,0,0,0,0,0,0,0,0,0,0,0,0,0,0,Eastern Africa
510,Rwanda,0,0,0,0,0,0,0,0,0,0,0,0,0,0,0,0,0,0,Eastern Africa
511,Rwanda,0,0,0,0,0,0,0,0,0,0,0,0,0,0,0,0,0,0,Eastern Africa
512,Rwanda,0,0,0,0,0,0,0,0,0,0,0,0,0,0,0,0,0,0,Eastern Africa
513,Rwanda,0,0,0,0,0,0,0,0,0,0,0,0,0,0,0,0,0,0,Eastern Africa
514,Rwanda,0,0,0,0,0,0,0,0,0,0,0,0,0,0,0,0,0,0,Eastern Africa
515,Rwanda,0,0,0,0,0,0,0,0,0,0,0,0,0,0,0,0,0,0,Eastern Africa
516,Rwanda,0,0,0,0,0,0,0,0,0,0,0,0,0,0,0,0,0,0,Eastern Africa
517,Rwanda,0,0,0,0,0,0,0,0,0,0,0,0,0,0,0,0,0,0,Eastern Africa
518,Rwanda,0,0,0,0,0,0,0,0,0,0,0,0,0,0,0,0,0,0,Eastern Africa
519,Rwanda,0,0,0,0,0,0,0,0,0,0,0,0,0,0,0,0,0,0,Eastern Africa
520,Rwanda,0,0,0,0,0,0,0,0,0,0,0,0,0,0,0,0,0,0,Eastern Africa
521,Rwanda,0,0,0,0,0,0,0,0,0,0,0,0,0,0,0,0,0,0,Eastern Africa
522,Rwanda,0,0,0,0,0,0,0,0,0,0,0,0,0,0,0,0,0,0,Eastern Africa
523,Rwanda,0,0,0,0,0,0,0,0,0,0,0,0,0,0,0,0,0,0,Eastern Africa
524,Rwanda,0,0,0,0,0,0,0,0,0,0,0,0,0,0,0,0,0,0,Eastern Africa
525,Rwanda,0,0,0,0,0,0,0,0,0,0,0,0,0,0,0,0,0,0,Eastern Africa
526,Rwanda,0,0,0,0,0,0,0,0,0,0,0,0,0,0,0,0,0,0,Eastern Africa
527,Rwanda,0,0,0,0,0,0,0,0,0,0,0,0,0,0,0,0,0,0,Eastern Africa
528,Rwanda,0,0,0,0,0,0,0,0,0,0,0,0,0,0,0,0,0,0,Eastern Africa
529,Rwanda,0,0,0,0,0,0,0,0,0,0,0,0,0,0,0,0,0,0,Eastern Africa
530,Rwanda,0,0,0,0,0,0,0,0,0,0,0,0,0,0,0,0,0,0,Eastern Africa
531,Rwanda,0,0,0,0,0,0,0,0,0,0,0,0,0,0,0,0,0,0,Eastern Africa
532,Rwanda,0,0,0,0,0,0,0,0,0,0,0,0,0,0,0,0,0,0,Eastern Africa
533,Rwanda,0,0,0,0,0,0,0,0,0,0,0,0,0,0,0,0,0,0,Eastern Africa
534,Rwanda,0,0,0,0,0,0,0,0,0,0,0,0,0,0,0,0,0,0,Eastern Africa
535,Rwanda,0,0,0,0,0,0,0,0,0,0,0,0,0,0,0,0,0,0,Eastern Africa
536,Rwanda,0,0,0,0,0,0,0,0,0,0,0,0,0,0,0,0,0,0,Eastern Africa
537,Rwanda,0,0,0,0,0,0,0,0,0,0,0,0,0,0,0,0,0,0,Eastern Africa
538,Rwanda,0,0,0,0,0,0,0,0,0,0,0,0,0,0,0,0,1,0,Eastern Africa
539,Rwanda,0,0,0,0,0,0,0,0,0,0,0,0,0,0,0,0,0,0,Eastern Africa
540,Rwanda,0,0,0,0,0,0,0,0,0,0,0,0,0,0,0,0,0,0,Eastern Africa
541,Rwanda,0,0,0,0,0,0,0,0,0,0,0,0,0,0,0,0,0,0,Eastern Africa
542,Rwanda,0,0,0,0,0,0,0,0,0,0,0,0,0,0,0,0,0,0,Eastern Africa
543,Rwanda,0,0,0,0,0,0,0,0,0,0,0,0,0,0,0,0,0,0,Eastern Africa
544,Rwanda,0,0,0,0,0,0,0,0,0,0,0,0,0,0,0,0,0,0,Eastern Africa
545,Rwanda,0,0,0,0,0,0,0,0,0,0,0,0,0,0,0,0,0,0,Eastern Africa
546,Rwanda,0,0,0,0,0,0,0,0,0,0,0,0,0,0,0,0,0,0,Eastern Africa
547,Rwanda,0,0,0,0,0,0,0,0,0,0,0,0,0,0,0,0,0,0,Eastern Africa
548,Rwanda,0,0,0,0,0,0,0,0,0,0,0,0,0,0,0,0,0,0,Eastern Africa
549,Rwanda,0,0,0,0,0,0,0,0,0,0,0,0,0,0,0,0,0,0,Eastern Africa
550,Rwanda,0,0,0,0,0,0,0,0,0,0,0,0,0,0,0,0,0,0,Eastern Africa
551,Rwanda,0,0,0,0,0,0,0,0,0,0,0,0,0,0,0,0,0,0,Eastern Africa
552,Rwanda,0,0,0,0,0,0,0,0,0,0,0,0,0,0,0,0,0,0,Eastern Africa
553,Rwanda,0,0,0,0,0,0,0,0,0,0,0,0,0,0,0,0,0,0,Eastern Africa
554,Rwanda,0,0,0,0,0,0,0,0,0,0,0,0,0,0,0,0,0,0,Eastern Africa
555,Rwanda,0,0,0,0,0,0,0,0,0,0,0,0,0,0,0,0,0,0,Eastern Africa
556,Rwanda,0,0,0,0,0,0,0,0,0,0,0,0,0,0,0,0,0,0,Eastern Africa
557,Rwanda,0,0,0,0,0,0,0,0,0,0,0,0,0,0,0,0,0,0,Eastern Africa
558,Rwanda,0,0,0,0,0,0,0,0,0,0,0,0,0,0,0,0,0,0,Eastern Africa
559,Rwanda,0,0,0,0,0,0,0,0,0,0,0,0,0,0,0,0,0,0,Eastern Africa
560,Rwanda,0,0,0,0,0,0,0,0,0,0,0,0,0,0,0,0,0,0,Eastern Africa
561,Rwanda,0,0,0,0,0,0,0,0,0,0,0,0,0,0,0,0,0,0,Eastern Africa
562,Rwanda,0,0,0,0,0,0,0,0,0,0,0,0,0,0,0,0,0,0,Eastern Africa
563,Rwanda,0,0,0,0,0,0,0,0,0,0,0,0,0,0,0,0,0,0,Eastern Africa
564,Rwanda,0,0,0,0,0,0,0,0,0,0,0,0,0,0,0,0,0,0,Eastern Africa
565,Rwanda,0,0,0,0,0,0,0,0,0,0,0,0,0,0,0,0,0,1,Eastern Africa
566,Rwanda,0,0,0,0,0,0,0,0,0,0,0,0,0,0,0,0,0,0,Eastern Africa
567,Rwanda,0,0,0,0,0,0,0,0,0,0,0,0,0,0,0,0,0,0,Eastern Africa
568,Rwanda,0,0,0,0,0,0,0,0,0,0,0,0,0,0,0,0,0,0,Eastern Africa
569,Rwanda,0,0,0,0,0,0,0,0,0,0,0,0,0,0,0,0,0,0,Eastern Africa
570,Rwanda,0,0,0,0,0,0,0,0,0,0,0,0,0,0,0,0,0,0,Eastern Africa
571,Rwanda,0,0,0,0,0,0,0,0,0,0,0,0,0,0,0,0,0,0,Eastern Africa
572,Rwanda,0,0,0,0,0,0,0,0,0,0,0,0,0,0,0,0,0,0,Eastern Africa
573,Rwanda,0,0,0,0,0,0,0,0,0,0,0,0,0,0,0,0,0,0,Eastern Africa
574,Rwanda,0,0,0,0,0,0,0,0,0,0,0,0,0,0,0,0,0,0,Eastern Africa
575,Rwanda,0,0,0,0,0,0,0,0,0,0,0,0,0,0,0,0,0,0,Eastern Africa
576,Rwanda,0,0,0,0,0,0,0,0,0,0,0,0,0,0,0,0,0,0,Eastern Africa
577,Rwanda,0,0,0,0,0,0,0,0,0,0,0,0,0,0,0,0,0,0,Eastern Africa
578,Rwanda,0,0,0,0,0,0,0,0,0,0,0,0,0,0,0,0,0,0,Eastern Africa
579,Rwanda,0,0,0,0,0,0,0,0,0,0,0,0,0,0,0,0,1,1,Eastern Africa
580,Rwanda,0,0,0,0,0,0,0,0,0,0,0,0,0,0,0,0,0,0,Eastern Africa
581,Rwanda,0,0,0,0,0,0,0,0,0,0,0,0,0,0,0,0,0,0,Eastern Africa
582,Rwanda,0,0,0,0,0,0,0,0,0,0,0,0,0,0,0,0,0,0,Eastern Africa
583,Rwanda,0,0,0,0,0,0,0,0,0,0,0,0,0,0,0,0,0,0,Eastern Africa
584,Rwanda,0,0,0,0,0,0,0,0,0,0,0,0,0,0,0,0,0,0,Eastern Africa
585,Rwanda,0,0,0,0,0,0,0,0,0,0,0,0,0,0,0,0,0,0,Eastern Africa
586,Rwanda,0,0,0,0,0,0,0,0,0,0,0,0,0,0,0,0,0,0,Eastern Africa
587,Sudan,0,0,0,0,0,0,0,0,0,0,0,0,0,0,0,0,0,0,Northern Africa
588,Sudan,0,0,0,0,0,0,0,0,0,0,0,0,0,0,0,0,0,0,Northern Africa
589,Sudan,0,0,0,0,0,0,0,0,0,0,0,0,0,0,0,0,0,0,Northern Africa
590,Sudan,0,1,0,0,6,0,0,0,0,0,0,0,0,0,0,0,0,0,Northern Africa
591,Sudan,0,0,0,0,0,0,0,0,0,0,0,0,0,0,0,0,0,0,Northern Africa
592,Sudan,0,0,0,0,0,0,0,0,0,0,0,0,0,0,0,0,0,0,Northern Africa
593,Sudan,0,0,0,0,0,0,0,0,0,0,0,0,0,0,0,0,0,0,Northern Africa
594,Sudan,0,0,0,0,0,0,0,0,0,0,0,0,0,0,0,0,0,0,Northern Africa
595,Sudan,0,0,0,0,0,0,0,2,0,0,0,0,0,0,0,0,0,0,Northern Africa
596,Sudan,0,0,0,0,0,0,0,0,0,0,0,0,0,0,0,0,0,0,Northern Africa
597,Sudan,0,0,0,0,0,0,0,1,0,0,0,0,0,0,0,0,0,0,Northern Africa
598,Sudan,0,0,0,0,0,0,0,0,0,0,0,0,0,0,0,0,0,0,Northern Africa
599,Sudan,0,0,0,0,0,0,0,0,0,0,0,0,0,0,0,0,0,0,Northern Africa
600,Sudan,0,0,0,0,0,0,0,0,0,0,0,0,0,0,0,0,0,0,Northern Africa
601,Sudan,0,0,0,0,0,0,0,0,0,0,0,0,0,0,0,0,0,0,Northern Africa
602,Sudan,0,0,0,0,0,0,0,0,0,0,0,0,0,0,0,0,0,0,Northern Africa
603,Sudan,0,0,0,0,0,2,0,0,0,0,0,0,0,0,0,0,0,0,Northern Africa
604,Sudan,0,0,0,0,0,0,0,0,0,0,0,0,0,0,0,0,0,0,Northern Africa
605,Sudan,0,0,0,0,0,0,0,0,0,0,0,0,0,0,0,0,0,0,Northern Africa
606,Sudan,0,0,0,0,0,0,0,0,0,0,0,0,0,0,0,0,0,0,Northern Africa
607,Sudan,0,0,0,0,0,0,0,0,0,0,0,0,0,0,0,0,0,0,Northern Africa
608,Sudan,0,0,0,0,0,0,0,0,0,0,0,0,0,0,0,0,0,0,Northern Africa
609,Sudan,0,0,1,0,0,0,0,0,0,0,0,0,0,0,0,0,0,0,Northern Africa
610,Sudan,0,0,0,0,0,0,0,0,0,0,0,0,0,0,0,0,0,0,Northern Africa
611,Sudan,0,0,0,0,0,0,0,1,1,0,1,0,1,0,0,0,0,1,Northern Africa
612,Sudan,0,0,0,0,0,0,0,0,0,0,0,0,0,0,0,0,0,0,Northern Africa
613,Uganda,0,0,0,0,0,0,0,0,0,0,0,0,0,0,0,0,0,0,Eastern Africa
614,Uganda,0,0,0,0,0,0,0,0,0,0,0,0,0,0,0,0,0,0,Eastern Africa
615,Uganda,0,0,0,0,0,0,0,0,0,0,0,0,0,0,0,0,0,0,Eastern Africa
616,Uganda,0,0,0,0,0,0,0,0,0,0,0,0,0,0,0,0,0,0,Eastern Africa
617,Uganda,0,0,0,0,0,0,0,0,0,0,0,0,0,0,0,0,0,0,Eastern Africa
618,Uganda,0,0,0,0,0,0,0,0,0,0,0,0,0,0,0,0,0,0,Eastern Africa
619,Uganda,0,0,0,0,0,0,0,0,0,0,0,0,0,0,0,0,0,0,Eastern Africa
620,Uganda,0,0,0,0,0,0,0,1,0,0,0,0,0,1,0,0,0,0,Eastern Africa
621,Uganda,0,0,0,0,0,0,0,0,0,0,0,0,0,0,0,0,0,0,Eastern Africa
622,Uganda,0,0,0,0,0,0,0,0,0,0,0,0,0,0,0,0,0,0,Eastern Africa
623,Uganda,0,0,0,0,0,0,0,0,0,0,0,0,0,0,0,0,0,0,Eastern Africa
624,Uganda,0,0,0,0,0,0,0,0,0,0,0,0,0,0,0,0,0,0,Eastern Africa
625,Uganda,0,0,0,0,0,0,0,0,0,0,0,0,0,0,0,0,0,0,Eastern Africa
626,Uganda,0,0,0,0,0,0,0,0,0,0,0,0,0,0,0,0,0,0,Eastern Africa
627,Uganda,0,0,0,0,0,0,0,0,0,0,0,0,0,0,0,0,0,0,Eastern Africa
628,Uganda,0,0,0,0,0,0,0,0,0,0,0,0,0,0,0,0,0,0,Eastern Africa
629,Uganda,0,0,0,0,0,0,0,0,0,0,0,0,0,0,0,0,0,0,Eastern Africa
630,Uganda,0,0,0,0,0,0,0,0,0,0,0,0,0,0,0,0,0,0,Eastern Africa
631,Uganda,0,0,0,0,0,0,0,0,0,0,0,0,0,0,0,0,0,0,Eastern Africa
632,Uganda,0,0,0,0,0,0,0,0,0,0,0,0,0,0,0,0,0,0,Eastern Africa
633,Uganda,0,0,0,0,0,0,0,0,0,0,0,0,0,0,0,0,0,0,Eastern Africa
634,Uganda,0,0,0,0,0,0,0,0,0,0,0,0,0,0,0,0,0,0,Eastern Africa
635,Uganda,0,0,0,0,0,0,0,0,0,0,0,0,0,0,0,0,0,0,Eastern Africa
636,Uganda,0,0,0,0,0,0,0,0,0,0,0,0,0,0,0,0,0,0,Eastern Africa
637,Uganda,0,0,0,1,0,0,0,0,0,0,0,0,0,0,0,0,0,0,Eastern Africa
638,Uganda,0,0,0,0,0,0,0,0,0,0,0,0,0,0,0,0,0,0,Eastern Africa
639,Uganda,0,0,0,0,0,0,0,0,0,0,0,0,0,0,0,0,0,0,Eastern Africa
640,Uganda,0,0,0,0,0,0,0,0,0,0,0,0,0,0,0,0,0,0,Eastern Africa
641,Uganda,0,0,0,0,0,0,0,0,0,0,0,0,0,0,0,0,0,0,Eastern Africa
642,Uganda,0,0,0,0,0,0,0,0,0,0,0,0,0,0,0,0,0,0,Eastern Africa
643,Uganda,0,0,0,0,0,0,0,0,0,0,0,0,0,0,0,0,0,0,Eastern Africa
644,Uganda,0,0,0,0,0,0,0,0,0,0,0,0,0,0,0,0,0,0,Eastern Africa
645,Uganda,0,0,0,0,0,0,0,0,0,0,0,0,0,0,0,0,0,0,Eastern Africa
646,Uganda,0,0,0,0,0,0,0,0,0,0,0,0,0,0,0,0,0,0,Eastern Africa
647,Uganda,0,0,0,0,0,0,0,0,0,0,0,0,0,0,0,0,0,0,Eastern Africa
648,Uganda,0,0,0,0,0,0,0,0,0,0,0,0,0,0,0,0,0,0,Eastern Africa
649,Uganda,0,0,0,0,0,0,0,0,0,0,0,0,0,0,0,0,0,0,Eastern Africa
650,Uganda,0,0,0,0,0,0,0,0,0,0,0,0,0,0,0,0,0,0,Eastern Africa
651,Uganda,0,0,0,0,0,0,0,0,0,0,0,0,0,0,0,0,0,0,Eastern Africa
652,Uganda,0,0,0,0,0,0,0,0,0,0,0,0,0,0,0,0,0,0,Eastern Africa
653,Uganda,0,0,0,0,0,0,0,0,0,0,0,0,0,0,0,0,0,0,Eastern Africa
654,Uganda,0,0,0,0,0,0,0,0,0,0,0,0,0,0,0,0,0,0,Eastern Africa
655,Uganda,0,0,0,0,0,0,0,0,0,0,0,0,0,0,0,0,0,0,Eastern Africa
656,Uganda,0,0,0,0,0,0,0,0,0,0,0,0,0,0,0,0,0,0,Eastern Africa
657,Uganda,0,0,0,0,0,0,0,0,0,0,0,0,0,0,0,0,0,0,Eastern Africa
658,Uganda,0,0,0,1,0,0,0,0,0,0,0,0,0,0,0,0,0,0,Eastern Africa
659,Uganda,0,0,0,0,0,0,0,0,0,0,0,0,0,0,0,0,0,0,Eastern Africa
660,Uganda,0,0,0,0,0,0,0,0,0,0,0,0,0,0,0,0,0,0,Eastern Africa
661,Uganda,0,0,0,0,0,0,0,0,0,0,0,0,0,0,0,0,0,0,Eastern Africa
662,Uganda,0,0,0,0,0,0,0,0,0,0,0,0,0,0,0,0,0,0,Eastern Africa
663,Uganda,0,0,0,0,0,0,0,0,0,0,0,0,0,0,0,0,0,0,Eastern Africa
664,Uganda,0,0,0,0,0,0,0,0,0,0,0,0,0,0,0,0,0,0,Eastern Africa
665,Uganda,0,0,0,0,0,0,0,0,0,0,0,0,0,0,0,0,0,0,Eastern Africa
666,Uganda,0,0,0,0,0,0,0,0,0,0,0,0,0,0,0,0,0,0,Eastern Africa
667,Uganda,0,0,0,0,0,0,0,0,0,0,0,0,0,0,0,0,0,0,Eastern Africa
668,Uganda,0,0,0,0,0,0,0,0,0,0,0,0,0,0,0,0,0,0,Eastern Africa
669,Uganda,0,0,0,0,0,0,0,0,0,0,0,0,0,0,0,0,0,0,Eastern Africa
670,Uganda,0,0,0,0,0,0,0,0,0,0,0,0,0,0,0,0,0,0,Eastern Africa
671,Uganda,0,0,0,0,0,0,0,0,0,0,0,0,0,0,0,0,0,0,Eastern Africa
672,Uganda,0,0,0,0,0,0,0,0,0,0,0,0,0,0,0,0,0,0,Eastern Africa
673,Uganda,0,0,0,0,0,0,0,0,0,0,0,0,0,0,0,0,0,0,Eastern Africa
674,Uganda,0,0,0,0,0,0,0,0,0,0,0,0,0,0,0,0,0,0,Eastern Africa
675,Uganda,0,0,0,0,0,0,0,0,0,0,0,0,0,0,0,0,0,0,Eastern Africa
676,Uganda,0,0,0,0,0,0,0,0,0,0,0,0,0,0,0,0,0,0,Eastern Africa
677,Uganda,0,0,0,0,0,0,0,0,0,0,0,0,0,0,0,0,0,0,Eastern Africa
678,Uganda,0,0,0,0,0,0,0,0,0,0,0,0,0,0,0,0,0,0,Eastern Africa
679,Uganda,0,0,0,0,0,1,0,0,0,0,0,0,0,0,0,0,0,0,Eastern Africa
680,Uganda,0,0,0,0,0,0,0,0,0,0,0,0,0,0,0,0,0,0,Eastern Africa
681,Uganda,0,0,0,0,0,0,0,0,0,0,0,0,0,0,0,0,0,0,Eastern Africa
682,Uganda,0,0,0,0,0,0,0,0,0,0,0,0,0,0,0,0,0,0,Eastern Africa
683,Uganda,0,0,0,0,0,0,0,0,0,0,0,0,0,0,0,0,0,0,Eastern Africa
684,Uganda,0,0,0,0,0,0,0,0,0,0,0,0,0,0,0,0,0,0,Eastern Africa
685,Uganda,0,0,0,0,0,1,0,0,0,0,0,0,0,0,0,0,0,0,Eastern Africa
686,Uganda,0,0,0,0,0,0,0,0,0,0,0,0,0,0,0,0,0,0,Eastern Africa
687,Uganda,0,0,0,0,0,0,0,0,0,0,0,0,0,0,0,0,0,0,Eastern Africa
688,Uganda,0,0,0,0,0,0,0,0,0,0,0,0,0,0,0,0,0,0,Eastern Africa
689,Uganda,0,0,0,0,0,0,0,0,0,0,0,0,1,0,0,0,0,0,Eastern Africa
690,Uganda,0,0,0,0,0,0,0,0,0,0,0,0,0,0,0,0,0,0,Eastern Africa
691,Uganda,0,0,0,0,0,0,0,0,0,0,0,0,0,0,0,0,0,0,Eastern Africa
692,Uganda,0,0,0,0,0,0,0,0,0,0,0,0,0,0,0,0,0,0,Eastern Africa
693,Uganda,0,0,0,0,0,0,0,0,0,0,0,0,0,0,0,0,0,0,Eastern Africa
694,Uganda,0,0,0,0,0,0,0,0,0,0,0,0,0,0,0,0,0,0,Eastern Africa
695,Uganda,0,0,0,0,0,0,0,0,0,0,0,0,0,0,0,0,0,0,Eastern Africa
696,Uganda,0,0,0,0,0,0,0,0,0,0,0,0,0,0,0,0,0,0,Eastern Africa
697,Uganda,0,0,0,0,0,0,0,0,0,0,0,0,0,0,0,0,0,0,Eastern Africa
698,Uganda,0,0,0,0,0,0,0,0,0,0,0,0,0,0,0,0,0,0,Eastern Africa
699,Uganda,0,0,0,0,0,0,0,0,0,0,0,0,0,0,0,0,0,0,Eastern Africa
700,Uganda,0,0,0,0,0,0,0,0,0,0,0,0,0,0,0,0,0,1,Eastern Africa
701,Uganda,0,0,0,0,0,0,0,0,0,0,0,0,0,0,0,0,0,0,Eastern Africa
702,Uganda,0,0,0,0,0,0,0,0,0,0,0,0,0,0,0,0,0,0,Eastern Africa
703,Uganda,0,0,0,0,0,0,0,0,0,0,0,0,0,0,0,0,0,0,Eastern Africa
704,Uganda,0,0,0,1,0,0,0,0,0,0,0,0,0,0,0,0,0,1,Eastern Africa
705,Uganda,0,0,0,0,0,0,0,0,0,0,0,0,0,0,0,0,0,0,Eastern Africa
706,Uganda,0,0,0,0,0,0,0,0,0,0,0,0,0,0,0,0,0,0,Eastern Africa
707,Uganda,0,0,0,0,0,0,0,0,0,0,0,0,0,0,0,0,0,0,Eastern Africa
708,Uganda,0,0,0,0,0,0,0,0,0,0,0,0,0,0,0,0,0,0,Eastern Africa
709,Uganda,0,0,0,0,0,0,0,0,0,0,0,0,0,0,0,0,0,0,Eastern Africa
710,Uganda,0,0,0,1,0,0,0,0,0,0,0,0,0,0,0,0,0,0,Eastern Africa
711,Uganda,0,0,0,0,0,0,0,0,0,0,0,0,0,0,0,0,0,0,Eastern Africa
712,Uganda,0,0,0,0,0,0,0,0,0,0,0,0,0,0,0,0,0,0,Eastern Africa
713,Uganda,0,0,0,0,0,0,0,0,0,0,0,0,0,0,0,0,0,0,Eastern Africa
714,Uganda,0,0,0,0,0,0,0,0,0,0,0,0,0,0,0,0,0,0,Eastern Africa
715,Uganda,0,0,0,0,0,0,0,0,0,0,0,0,0,0,0,0,0,0,Eastern Africa
716,Uganda,0,0,0,0,0,0,0,0,0,0,0,0,0,0,0,0,0,0,Eastern Africa
717,Uganda,0,0,0,0,1,0,0,0,0,0,0,1,0,0,0,0,0,0,Eastern Africa
718,Uganda,0,0,0,0,0,0,0,0,0,0,0,0,0,0,0,0,0,0,Eastern Africa
719,Uganda,0,0,0,0,0,0,0,0,0,0,0,0,0,0,0,0,0,0,Eastern Africa
720,Uganda,0,0,0,0,0,0,0,0,0,0,0,0,0,0,0,0,0,0,Eastern Africa
721,Uganda,0,0,0,0,0,0,0,0,0,0,0,0,0,0,0,0,0,0,Eastern Africa
722,Uganda,0,0,0,0,1,0,0,0,0,0,0,0,0,0,0,0,0,0,Eastern Africa
723,Uganda,0,0,0,0,0,0,0,0,0,0,0,0,0,0,0,0,0,0,Eastern Africa
724,Uganda,0,0,0,0,0,0,0,0,0,0,0,0,0,0,0,0,0,0,Eastern Africa
725,Uganda,0,0,0,0,0,0,0,0,0,0,0,0,0,0,0,0,0,0,Eastern Africa
726,Uganda,0,0,0,0,0,0,0,0,0,0,0,0,0,0,0,0,0,0,Eastern Africa
727,Uganda,0,0,0,0,0,0,0,0,0,0,0,0,0,0,0,0,0,0,Eastern Africa
728,Uganda,0,0,0,0,0,0,0,0,0,0,0,0,0,0,0,0,0,0,Eastern Africa
729,Uganda,0,0,0,0,0,0,0,0,0,0,0,0,0,0,0,0,0,0,Eastern Africa
730,Uganda,0,0,0,0,0,0,0,0,0,0,0,0,0,0,0,0,0,0,Eastern Africa
731,Uganda,0,0,0,0,0,0,0,0,0,0,0,0,0,0,0,0,0,0,Eastern Africa
732,Uganda,0,0,0,0,0,0,0,0,0,0,0,0,0,0,0,0,0,0,Eastern Africa
733,Uganda,0,0,0,0,0,0,0,0,0,0,0,0,0,0,0,0,0,0,Eastern Africa
734,Uganda,0,0,0,0,0,0,0,0,0,0,0,0,0,0,0,0,0,0,Eastern Africa
735,Uganda,0,0,0,0,0,0,0,0,0,0,0,0,0,0,0,0,0,0,Eastern Africa
736,Uganda,0,0,0,0,0,0,0,0,0,0,0,0,0,0,0,0,0,0,Eastern Africa
737,Uganda,0,0,0,0,0,0,0,0,0,0,0,0,0,0,0,0,0,0,Eastern Africa
738,Uganda,0,0,0,0,0,0,0,0,0,0,0,0,0,0,0,0,0,0,Eastern Africa
739,Uganda,0,0,0,0,0,0,0,0,0,0,0,0,0,0,0,0,0,0,Eastern Africa
740,Uganda,0,0,0,0,0,0,0,0,0,0,0,0,0,0,0,0,0,0,Eastern Africa
741,Uganda,0,0,0,0,0,0,0,0,0,0,0,0,0,0,0,0,0,0,Eastern Africa
742,Uganda,0,0,0,0,0,0,0,0,0,0,0,0,0,0,0,0,0,0,Eastern Africa
743,Uganda,0,0,0,0,0,0,0,0,0,0,0,0,0,0,0,0,0,0,Eastern Africa
744,Uganda,0,0,0,0,0,0,0,0,0,0,0,0,0,0,0,0,0,0,Eastern Africa
745,Uganda,0,0,0,0,0,0,0,0,0,0,0,0,0,0,0,0,0,0,Eastern Africa
746,Uganda,0,0,0,0,0,0,0,0,0,0,0,0,0,0,0,0,0,0,Eastern Africa
747,Uganda,0,0,0,0,0,0,0,0,0,0,0,0,0,0,0,0,0,0,Eastern Africa
748,Uganda,0,0,0,0,0,0,0,0,0,0,0,0,0,0,0,0,0,0,Eastern Africa
749,Uganda,0,0,0,0,0,0,0,0,0,0,0,0,0,0,0,0,0,0,Eastern Africa
750,Uganda,0,0,0,0,0,0,0,0,0,0,0,0,0,0,0,0,0,0,Eastern Africa
751,Uganda,0,0,0,0,0,0,0,0,0,0,0,0,0,0,0,0,0,0,Eastern Africa
752,Uganda,0,0,0,0,0,0,0,0,0,0,0,0,0,0,0,0,0,0,Eastern Africa
753,Uganda,0,0,0,0,0,0,0,0,0,0,0,0,0,0,0,0,0,0,Eastern Africa
754,Uganda,0,0,0,0,0,0,0,0,0,0,0,0,0,0,0,0,0,0,Eastern Africa
755,Uganda,0,0,0,0,0,0,0,0,0,0,0,0,0,0,0,0,0,0,Eastern Africa
756,Uganda,0,0,0,0,0,0,0,0,0,0,0,0,0,0,0,0,0,0,Eastern Africa
757,Uganda,0,0,0,0,0,0,0,0,0,0,0,0,0,0,0,0,0,0,Eastern Africa
758,Uganda,0,0,0,0,0,0,0,0,0,0,0,0,0,0,0,0,0,0,Eastern Africa
759,Uganda,0,0,0,0,0,0,0,0,0,0,0,0,0,0,0,0,0,0,Eastern Africa
760,Uganda,0,0,0,0,0,0,0,0,0,0,0,0,0,0,0,0,0,0,Eastern Africa
761,Uganda,0,0,0,0,0,0,0,0,0,0,0,0,0,0,0,0,0,0,Eastern Africa
762,Uganda,0,0,0,0,0,0,0,0,0,0,0,0,0,0,0,0,0,0,Eastern Africa
763,Uganda,0,0,0,0,0,0,0,0,0,0,0,0,0,0,0,0,0,0,Eastern Africa
764,Uganda,0,0,0,0,0,0,0,0,0,0,0,0,0,0,0,0,0,0,Eastern Africa
765,Uganda,0,0,0,0,0,0,0,0,0,0,0,0,0,0,0,0,0,0,Eastern Africa
766,Uganda,0,0,0,0,0,0,0,0,0,0,0,0,0,0,0,0,0,0,Eastern Africa
767,Uganda,0,0,0,0,0,0,0,0,0,0,0,0,0,0,0,0,0,0,Eastern Africa
768,Uganda,0,0,0,0,0,0,0,0,0,0,0,0,0,0,0,0,0,0,Eastern Africa
769,Uganda,0,0,0,0,0,0,0,0,0,0,0,0,0,0,0,0,0,0,Eastern Africa
770,Uganda,0,0,0,0,0,0,0,0,0,0,0,0,0,0,0,0,0,0,Eastern Africa
771,Uganda,0,0,0,0,0,0,0,0,0,0,0,0,0,0,0,0,0,0,Eastern Africa
772,Uganda,0,0,0,0,0,0,0,0,0,0,0,0,0,0,0,0,0,0,Eastern Africa
773,Uganda,0,0,0,0,0,0,0,0,0,0,0,0,0,0,0,0,0,0,Eastern Africa
774,Uganda,0,0,0,0,0,0,0,0,0,0,0,0,0,0,0,0,0,0,Eastern Africa
775,Zimbabwe,0,0,0,0,0,0,0,0,0,0,0,0,0,0,0,0,0,0,Southern Africa
776,Zimbabwe,0,0,0,0,0,0,0,0,0,0,0,0,0,0,0,0,3,0,Southern Africa
777,Zimbabwe,0,0,0,0,0,0,0,0,0,0,0,0,0,0,0,0,0,0,Southern Africa
778,Zimbabwe,0,0,0,0,0,0,0,0,0,0,0,0,1,0,0,0,0,0,Southern Africa
779,Zimbabwe,0,0,0,0,0,1,0,1,0,0,0,0,0,0,0,1,0,1,Southern Africa
780,Zimbabwe,0,0,0,0,0,0,0,0,0,0,0,0,0,0,0,0,0,0,Southern Africa
781,Zimbabwe,0,0,0,0,6,2,0,8,0,0,0,3,0,0,0,0,0,0,Southern Africa
782,Zimbabwe,0,0,0,0,0,0,0,0,0,0,0,0,0,0,0,0,0,0,Southern Africa
783,Zimbabwe,0,0,0,0,0,0,0,1,0,0,0,0,0,0,0,0,0,0,Southern Africa
784,Zimbabwe,0,0,0,0,0,2,0,0,0,0,0,0,0,0,0,0,0,0,Southern Africa
785,Zimbabwe,0,1,0,0,0,0,0,2,0,0,0,1,0,0,0,0,0,0,Southern Africa
786,Zimbabwe,0,0,0,0,0,0,0,0,0,0,0,0,0,0,0,0,0,0,Southern Africa
787,Zimbabwe,0,0,0,0,0,0,0,0,0,0,0,0,0,0,0,0,0,0,Southern Africa
788,Zimbabwe,0,0,0,0,0,2,0,1,0,0,0,6,0,0,0,0,0,0,Southern Africa
789,Zimbabwe,0,0,0,0,0,2,0,1,0,0,0,4,0,0,0,0,0,0,Southern Africa
790,Zimbabwe,0,0,0,0,0,0,0,0,0,0,0,0,0,0,0,0,0,0,Southern Africa
791,Zimbabwe,0,1,0,0,4,5,0,12,2,0,0,3,1,0,0,1,0,0,Southern Africa
792,Zimbabwe,0,0,0,0,0,0,0,0,0,0,0,0,0,0,0,0,0,0,Southern Africa
793,Zimbabwe,0,0,0,0,0,5,0,1,0,0,0,0,0,0,0,0,0,0,Southern Africa
794,Zimbabwe,0,0,0,0,0,0,0,1,0,0,0,0,0,0,0,0,0,0,Southern Africa
795,Zimbabwe,0,0,0,0,0,0,0,1,0,0,0,0,0,0,0,0,0,0,Southern Africa
796,Zimbabwe,0,0,0,0,0,0,0,0,0,0,0,0,0,0,0,0,0,0,Southern Africa
797,Zimbabwe,0,0,0,0,0,1,0,2,0,0,0,4,0,0,0,0,0,0,Southern Africa
798,Zimbabwe,0,0,0,0,0,0,0,3,0,0,0,1,0,1,0,0,0,0,Southern Africa
799,Zimbabwe,0,0,0,0,0,0,0,0,0,0,0,0,0,0,0,0,0,0,Southern Africa
800,Zimbabwe,0,0,0,0,0,0,0,0,0,0,0,0,0,0,0,0,0,0,Southern Africa
801,Zimbabwe,0,0,0,0,0,0,0,3,0,0,0,0,0,0,0,0,0,0,Southern Africa
802,Zimbabwe,0,0,0,0,0,0,0,0,0,0,0,0,0,0,0,0,0,0,Southern Africa
803,Zimbabwe,0,0,0,0,1,1,0,2,0,0,0,1,0,0,0,0,0,0,Southern Africa
804,Zimbabwe,0,0,0,0,0,0,0,1,0,0,0,0,0,0,0,0,0,0,Southern Africa
805,Zimbabwe,0,0,0,0,0,0,0,0,0,0,0,0,0,0,0,0,0,0,Southern Africa
806,Zimbabwe,0,0,0,0,0,0,0,0,0,0,0,0,0,1,0,0,0,0,Southern Africa
807,Zimbabwe,0,0,0,0,0,0,0,0,0,0,0,0,0,0,0,0,0,0,Southern Africa
808,Zimbabwe,0,0,0,0,0,0,1,0,0,0,0,0,0,0,0,0,0,0,Southern Africa
809,Zimbabwe,0,0,0,0,12,0,0,0,0,0,0,0,0,0,0,0,0,0,Southern Africa
810,Zimbabwe,0,0,0,0,12,0,0,2,0,0,0,0,0,0,0,0,0,0,Southern Africa
811,Zimbabwe,0,0,0,0,0,0,0,0,0,0,0,0,0,0,0,0,0,0,Southern Africa
812,Zimbabwe,0,0,0,0,0,0,0,0,0,0,0,0,0,0,0,0,0,0,Southern Africa
813,Zimbabwe,0,0,0,0,0,0,0,0,0,0,0,0,0,0,0,0,0,0,Southern Africa
814,Zimbabwe,0,0,0,0,3,0,0,0,0,0,0,0,0,0,0,0,0,0,Southern Africa
815,Zimbabwe,0,0,0,0,0,0,0,2,0,0,0,0,0,0,0,0,0,0,Southern Africa
816,Zimbabwe,0,0,0,0,6,1,0,2,0,0,0,0,0,0,0,0,0,0,Southern Africa
817,Zimbabwe,0,0,0,0,0,0,0,0,0,0,0,0,0,0,0,0,0,0,Southern Africa
818,Zimbabwe,0,1,0,0,0,0,0,0,0,0,0,0,0,0,0,0,0,0,Southern Africa
819,Zimbabwe,0,0,0,0,0,0,0,0,0,0,0,0,0,0,0,0,0,0,Southern Africa
820,Zimbabwe,0,0,0,0,14,0,0,0,0,0,0,0,0,1,0,0,0,0,Southern Africa
821,Zimbabwe,0,0,0,0,0,1,0,0,0,0,0,0,0,0,0,0,0,0,Southern Africa
822,Zimbabwe,0,2,0,0,0,0,0,1,1,0,0,2,0,1,0,0,0,0,Southern Africa
823,Zimbabwe,0,0,0,0,0,0,0,0,0,0,0,0,0,0,0,0,0,0,Southern Africa
824,Zimbabwe,0,4,0,0,0,0,0,1,0,0,0,0,0,0,0,0,0,0,Southern Africa
825,Zimbabwe,0,0,0,0,2,0,0,0,1,0,0,0,0,1,0,0,0,0,Southern Africa
826,Zimbabwe,0,0,0,0,0,0,0,0,0,0,0,0,2,0,0,0,0,0,Southern Africa
827,Zimbabwe,0,0,0,0,0,0,0,0,0,0,0,0,0,0,0,0,0,0,Southern Africa
828,Zimbabwe,0,0,0,0,2,0,0,4,0,0,0,2,0,3,0,0,0,0,Southern Africa
829,Zimbabwe,0,0,0,0,0,0,0,0,0,0,0,0,0,0,0,0,0,0,Southern Africa
830,Zimbabwe,0,0,0,0,0,0,0,0,0,0,0,0,0,0,0,0,0,0,Southern Africa
831,Zimbabwe,0,0,0,0,0,0,0,0,0,0,0,0,0,0,0,0,1,1,Southern Africa
832,Zimbabwe,0,0,0,0,0,0,0,0,0,0,0,0,0,0,0,0,0,0,Southern Africa
833,Zimbabwe,0,0,0,0,0,0,0,0,0,0,0,0,0,0,0,0,0,0,Southern Africa
834,Zimbabwe,0,0,0,0,0,0,0,0,0,0,0,0,0,0,0,0,0,0,Southern Africa
